account_id,posted_date,amount,currency,raw_descriptor,type,source_file,true_merchant,true_category
1,2025-08-01,-147.66,USD,AMAZON.COM*G239CPJJB AMZN.COM/BILL,purchase,synthetic_2025_08.csv,Amazon,shopping
1,2025-08-01,-4.89,USD,SQ *BLUE BOTTLE COFFEE PORTLAND,purchase,synthetic_2025_08.csv,Blue Bottle Coffee,coffee
1,2025-08-01,-24.99,USD,PLANET FIT #16684 DENVER CO,purchase,synthetic_2025_08.csv,Planet Fitness,health
1,2025-08-02,-19.36,USD,AMC ONLINE VERYJ0M6N,purchase,synthetic_2025_08.csv,AMC Theatres,entertainment
1,2025-08-02,-23.47,USD,CHIPOTLE 32586 SEATTLE WA,purchase,synthetic_2025_08.csv,Chipotle,dining
1,2025-08-03,-123.44,USD,AMAZON.COM*FZ1WKL4QS AMZN.COM/BILL,purchase,synthetic_2025_08.csv,Amazon,shopping
1,2025-08-03,-10.93,USD,CVS/PHARMACY #18026 CHICAGO,purchase,synthetic_2025_08.csv,CVS Pharmacy,health
1,2025-08-03,-23.84,USD,UBER *TRIP 0803,purchase,synthetic_2025_08.csv,Uber,transport
1,2025-08-04,-47.9,USD,TRADER JOE'S #35377 BOSTON MA,purchase,synthetic_2025_08.csv,Trader Joe's,groceries
1,2025-08-05,-9.67,USD,SQ *BLUE BOTTLE BOSTON MA,purchase,synthetic_2025_08.csv,Blue Bottle Coffee,coffee
1,2025-08-05,-11.09,USD,UBER *TRIP 0805,purchase,synthetic_2025_08.csv,Uber,transport
1,2025-08-06,2350.0,USD,ACME CORP DIRECT DEP PPD ID:A04DFJ9LJ,income,synthetic_2025_08.csv,Acme Corp Payroll,income
1,2025-08-06,-55.93,USD,SHELL OIL 00073415 BOSTON MA,purchase,synthetic_2025_08.csv,Shell,transport
1,2025-08-07,-64.5,USD,TARGET.COM * RJJ2FGSZ8,purchase,synthetic_2025_08.csv,Target,shopping
1,2025-08-07,-129.5,USD,WHOLEFDS CHICAGO #67108,purchase,synthetic_2025_08.csv,Whole Foods,groceries
1,2025-08-08,-9.71,USD,SQ *BLUE BOTTLE AUSTIN TX,purchase,synthetic_2025_08.csv,Blue Bottle Coffee,coffee
1,2025-08-08,-8.32,USD,SQ *BLUE BOTTLE DENVER CO,purchase,synthetic_2025_08.csv,Blue Bottle Coffee,coffee
1,2025-08-08,-16.57,USD,TST* CHIPOTLE - SEATTLE,purchase,synthetic_2025_08.csv,Chipotle,dining
1,2025-08-09,-31.21,USD,AMAZON.COM*4K7UKAEKS AMZN.COM/BILL,purchase,synthetic_2025_08.csv,Amazon,shopping
1,2025-08-09,-9.36,USD,SQ *BLUE BOTTLE SEATTLE WA,purchase,synthetic_2025_08.csv,Blue Bottle Coffee,coffee
1,2025-08-09,-37.59,USD,UBER *TRIP 0809,purchase,synthetic_2025_08.csv,Uber,transport
1,2025-08-10,-31.21,USD,AMZN Mktp US*WABJDFKRQ,purchase,synthetic_2025_08.csv,Amazon,shopping
1,2025-08-10,-11.99,USD,PAYPAL *SPOTIFY USA,purchase,synthetic_2025_08.csv,Spotify,subscriptions
1,2025-08-12,-8.45,USD,SQ *BLUE BOTTLE COFFEE BOSTON,purchase,synthetic_2025_08.csv,Blue Bottle Coffee,coffee
1,2025-08-13,-65.28,USD,CVS 21248 SEATTLE WA,purchase,synthetic_2025_08.csv,CVS Pharmacy,health
1,2025-08-13,-41.84,USD,TARGET.COM * TE95T5HXW,purchase,synthetic_2025_08.csv,Target,shopping
1,2025-08-13,-11.79,USD,UBER *TRIP 0813,purchase,synthetic_2025_08.csv,Uber,transport
1,2025-08-13,-13.12,USD,UBER TRIP HELP.UBER.COM,purchase,synthetic_2025_08.csv,Uber,transport
1,2025-08-14,-5.19,USD,SQ *BLUE BOTTLE COFFEE CHICAGO,purchase,synthetic_2025_08.csv,Blue Bottle Coffee,coffee
1,2025-08-14,-5.48,USD,SQ *BLUE BOTTLE PORTLAND OR,purchase,synthetic_2025_08.csv,Blue Bottle Coffee,coffee
1,2025-08-14,-26.93,USD,WHOLE FOODS MKT PORTLAND OR 0814,purchase,synthetic_2025_08.csv,Whole Foods,groceries
1,2025-08-15,-12.01,USD,TST* CHIPOTLE - AUSTIN,purchase,synthetic_2025_08.csv,Chipotle,dining
1,2025-08-15,-31.91,USD,SHELL SERVICE STATION #61134,purchase,synthetic_2025_08.csv,Shell,transport
1,2025-08-16,-198.87,USD,DELTA AIR LINES 0816,purchase,synthetic_2025_08.csv,Delta Air Lines,travel
1,2025-08-17,-20.97,USD,TRADER JOES #54866 QPS SEATTLE,purchase,synthetic_2025_08.csv,Trader Joe's,groceries
1,2025-08-17,-28.32,USD,WHOLE FOODS MKT CHICAGO IL 0817,purchase,synthetic_2025_08.csv,Whole Foods,groceries
1,2025-08-17,-79.03,USD,WHOLE FOODS MKT SEATTLE WA 0817,purchase,synthetic_2025_08.csv,Whole Foods,groceries
1,2025-08-18,-4.84,USD,SQ *BLUE BOTTLE CHICAGO IL,purchase,synthetic_2025_08.csv,Blue Bottle Coffee,coffee
1,2025-08-18,-7.54,USD,SQ *BLUE BOTTLE COFFEE BOSTON,purchase,synthetic_2025_08.csv,Blue Bottle Coffee,coffee
1,2025-08-18,-15.49,USD,NETFLIX *MONTHLY,purchase,synthetic_2025_08.csv,Netflix,subscriptions
1,2025-08-19,-61.51,USD,CVS/PHARMACY #28542 DENVER,purchase,synthetic_2025_08.csv,CVS Pharmacy,health
1,2025-08-19,-42.64,USD,TRADER JOES #15827 QPS AUSTIN,purchase,synthetic_2025_08.csv,Trader Joe's,groceries
1,2025-08-21,2350.0,USD,ACME CORP DIRECT DEP PPD ID:71L9VWJ8L,income,synthetic_2025_08.csv,Acme Corp Payroll,income
1,2025-08-21,-9.19,USD,SQ *BLUE BOTTLE COFFEE DENVER,purchase,synthetic_2025_08.csv,Blue Bottle Coffee,coffee
1,2025-08-21,-28.01,USD,UBER *TRIP 0821,purchase,synthetic_2025_08.csv,Uber,transport
1,2025-08-22,-36.44,USD,AMC ONLINE YWHUA663G,purchase,synthetic_2025_08.csv,AMC Theatres,entertainment
1,2025-08-22,-122.86,USD,TARGET.COM * D3YMCR25N,purchase,synthetic_2025_08.csv,Target,shopping
1,2025-08-22,-34.92,USD,TRADER JOE'S #99196 SEATTLE WA,purchase,synthetic_2025_08.csv,Trader Joe's,groceries
1,2025-08-23,-8.94,USD,SQ *BLUE BOTTLE COFFEE SEATTLE,purchase,synthetic_2025_08.csv,Blue Bottle Coffee,coffee
1,2025-08-24,-400.0,USD,ONLINE TRANSFER TO SAV QTH07BYX8,transfer,synthetic_2025_08.csv,Savings Transfer,transfer
1,2025-08-24,-66.33,USD,TRADER JOES #72431 QPS CHICAGO,purchase,synthetic_2025_08.csv,Trader Joe's,groceries
1,2025-08-25,-22.99,USD,ADOBE *CREATIVE CLD,purchase,synthetic_2025_08.csv,Adobe,subscriptions
1,2025-08-25,-9.51,USD,SQ *BLUE BOTTLE SEATTLE WA,purchase,synthetic_2025_08.csv,Blue Bottle Coffee,coffee
1,2025-08-25,-24.11,USD,CHIPOTLE 58408 DENVER CO,purchase,synthetic_2025_08.csv,Chipotle,dining
1,2025-08-26,-5.96,USD,SQ *BLUE BOTTLE BOSTON MA,purchase,synthetic_2025_08.csv,Blue Bottle Coffee,coffee
1,2025-08-26,-12.0,USD,UBER TRIP HELP.UBER.COM,purchase,synthetic_2025_08.csv,Uber,transport
1,2025-08-27,-89.11,USD,TRADER JOE'S #5978 PORTLAND OR,purchase,synthetic_2025_08.csv,Trader Joe's,groceries
1,2025-08-28,-79.0,USD,COMCAST *XFINITY 0828,purchase,synthetic_2025_08.csv,Comcast,utilities
1,2025-08-28,-1450.0,USD,GREENLINE APTS RENT 0828,purchase,synthetic_2025_08.csv,Greenline Apartments,rent
1,2025-08-28,-23.6,USD,UBER *TRIP 0828,purchase,synthetic_2025_08.csv,Uber,transport
1,2025-08-28,-39.52,USD,UBER TRIP HELP.UBER.COM,purchase,synthetic_2025_08.csv,Uber,transport
1,2025-08-29,-45.52,USD,TRADER JOE'S #55506 PORTLAND OR,purchase,synthetic_2025_08.csv,Trader Joe's,groceries
1,2025-08-30,-124.74,USD,WHOLE FOODS MKT SEATTLE WA 0830,purchase,synthetic_2025_08.csv,Whole Foods,groceries
1,2025-08-31,-13.95,USD,TST* CHIPOTLE - SEATTLE,purchase,synthetic_2025_08.csv,Chipotle,dining
1,2025-08-31,-24.99,USD,PLANET FIT #21443 BOSTON MA,purchase,synthetic_2025_08.csv,Planet Fitness,health
1,2025-08-31,-37.57,USD,TARGET T-56088 AUSTIN TX,purchase,synthetic_2025_08.csv,Target,shopping
1,2025-08-31,-19.29,USD,UBER *TRIP 0831,purchase,synthetic_2025_08.csv,Uber,transport
1,2025-09-01,-15.53,USD,AMC ONLINE 0980PMXH0,purchase,synthetic_2025_09.csv,AMC Theatres,entertainment
1,2025-09-02,-6.03,USD,SQ *BLUE BOTTLE COFFEE BOSTON,purchase,synthetic_2025_09.csv,Blue Bottle Coffee,coffee
1,2025-09-02,-7.66,USD,SQ *BLUE BOTTLE COFFEE AUSTIN,purchase,synthetic_2025_09.csv,Blue Bottle Coffee,coffee
1,2025-09-02,-79.97,USD,WHOLE FOODS MKT PORTLAND OR 0902,purchase,synthetic_2025_09.csv,Whole Foods,groceries
1,2025-09-03,2350.0,USD,ACME CORP DIRECT DEP PPD ID:7E4MY4APW,income,synthetic_2025_09.csv,Acme Corp Payroll,income
1,2025-09-03,-60.59,USD,SHELL SERVICE STATION #50266,purchase,synthetic_2025_09.csv,Shell,transport
1,2025-09-03,-108.47,USD,WHOLEFDS SEATTLE #75635,purchase,synthetic_2025_09.csv,Whole Foods,groceries
1,2025-09-04,-26.93,USD,AMC #64682 BOSTON MA,purchase,synthetic_2025_09.csv,AMC Theatres,entertainment
1,2025-09-04,-8.03,USD,SQ *BLUE BOTTLE CHICAGO IL,purchase,synthetic_2025_09.csv,Blue Bottle Coffee,coffee
1,2025-09-04,-44.23,USD,CVS/PHARMACY #56138 BOSTON,purchase,synthetic_2025_09.csv,CVS Pharmacy,health
1,2025-09-04,-14.12,USD,UBER *TRIP 0904,purchase,synthetic_2025_09.csv,Uber,transport
1,2025-09-05,-109.75,USD,AMZN Mktp US*S9H4P5UYB,purchase,synthetic_2025_09.csv,Amazon,shopping
1,2025-09-06,-14.42,USD,CHIPOTLE 54970 PORTLAND OR,purchase,synthetic_2025_09.csv,Chipotle,dining
1,2025-09-07,-8.21,USD,SQ *BLUE BOTTLE COFFEE CHICAGO,purchase,synthetic_2025_09.csv,Blue Bottle Coffee,coffee
1,2025-09-07,-34.51,USD,CVS/PHARMACY #80748 CHICAGO,purchase,synthetic_2025_09.csv,CVS Pharmacy,health
1,2025-09-07,-104.09,USD,TARGET T-18109 SEATTLE WA,purchase,synthetic_2025_09.csv,Target,shopping
1,2025-09-08,-11.99,USD,PAYPAL *SPOTIFY USA,purchase,synthetic_2025_09.csv,Spotify,subscriptions
1,2025-09-09,-73.1,USD,TRADER JOE'S #90242 BOSTON MA,purchase,synthetic_2025_09.csv,Trader Joe's,groceries
1,2025-09-10,-4.38,USD,SQ *BLUE BOTTLE AUSTIN TX,purchase,synthetic_2025_09.csv,Blue Bottle Coffee,coffee
1,2025-09-10,-24.23,USD,TST* CHIPOTLE - SEATTLE,purchase,synthetic_2025_09.csv,Chipotle,dining
1,2025-09-10,-28.61,USD,UBER TRIP HELP.UBER.COM,purchase,synthetic_2025_09.csv,Uber,transport
1,2025-09-11,45.53,USD,AMZN Mktp US*T3Q758NQR REFUND,refund,synthetic_2025_09.csv,Amazon,shopping
1,2025-09-11,-4.99,USD,SQ *BLUE BOTTLE COFFEE SEATTLE,purchase,synthetic_2025_09.csv,Blue Bottle Coffee,coffee
1,2025-09-11,-12.05,USD,CHIPOTLE 26260 BOSTON MA,purchase,synthetic_2025_09.csv,Chipotle,dining
1,2025-09-11,-37.53,USD,SHELL OIL 00069973 DENVER CO,purchase,synthetic_2025_09.csv,Shell,transport
1,2025-09-11,-38.99,USD,SHELL OIL 00024767 AUSTIN TX,purchase,synthetic_2025_09.csv,Shell,transport
1,2025-09-12,-75.91,USD,TRADER JOES #85784 QPS AUSTIN,purchase,synthetic_2025_09.csv,Trader Joe's,groceries
1,2025-09-13,-81.31,USD,WHOLE FOODS MKT BOSTON MA 0913,purchase,synthetic_2025_09.csv,Whole Foods,groceries
1,2025-09-14,-155.98,USD,AMZN Mktp US*D8Z4AR5TF,purchase,synthetic_2025_09.csv,Amazon,shopping
1,2025-09-14,-100.85,USD,TARGET T-16393 SEATTLE WA,purchase,synthetic_2025_09.csv,Target,shopping
1,2025-09-16,2350.0,USD,ACME CORP DIRECT DEP PPD ID:AGEK7WPE5,income,synthetic_2025_09.csv,Acme Corp Payroll,income
1,2025-09-16,-17.75,USD,TST* CHIPOTLE - PORTLAND,purchase,synthetic_2025_09.csv,Chipotle,dining
1,2025-09-16,-15.49,USD,NETFLIX *MONTHLY,purchase,synthetic_2025_09.csv,Netflix,subscriptions
1,2025-09-17,-8.8,USD,SQ *BLUE BOTTLE COFFEE AUSTIN,purchase,synthetic_2025_09.csv,Blue Bottle Coffee,coffee
1,2025-09-17,-4.86,USD,SQ *BLUE BOTTLE COFFEE SEATTLE,purchase,synthetic_2025_09.csv,Blue Bottle Coffee,coffee
1,2025-09-17,-79.59,USD,TARGET.COM * 5LMVPPACU,purchase,synthetic_2025_09.csv,Target,shopping
1,2025-09-18,-24.82,USD,UBER *TRIP 0918,purchase,synthetic_2025_09.csv,Uber,transport
1,2025-09-19,-8.6,USD,SQ *BLUE BOTTLE DENVER CO,purchase,synthetic_2025_09.csv,Blue Bottle Coffee,coffee
1,2025-09-19,-5.23,USD,SQ *BLUE BOTTLE COFFEE AUSTIN,purchase,synthetic_2025_09.csv,Blue Bottle Coffee,coffee
1,2025-09-19,-57.38,USD,TRADER JOE'S #53210 CHICAGO IL,purchase,synthetic_2025_09.csv,Trader Joe's,groceries
1,2025-09-20,-8.75,USD,SQ *BLUE BOTTLE CHICAGO IL,purchase,synthetic_2025_09.csv,Blue Bottle Coffee,coffee
1,2025-09-20,-13.67,USD,UBER *TRIP 0920,purchase,synthetic_2025_09.csv,Uber,transport
1,2025-09-21,-25.12,USD,TRADER JOES #37810 QPS CHICAGO,purchase,synthetic_2025_09.csv,Trader Joe's,groceries
1,2025-09-22,-131.21,USD,AMZN Mktp US*P7ER7680H,purchase,synthetic_2025_09.csv,Amazon,shopping
1,2025-09-22,-60.79,USD,TRADER JOES #66056 QPS AUSTIN,purchase,synthetic_2025_09.csv,Trader Joe's,groceries
1,2025-09-23,-22.99,USD,ADOBE INC. 408-536-6000 CA,purchase,synthetic_2025_09.csv,Adobe,subscriptions
1,2025-09-23,-13.36,USD,TST* CHIPOTLE - CHICAGO,purchase,synthetic_2025_09.csv,Chipotle,dining
1,2025-09-24,-400.0,USD,ONLINE TRANSFER TO SAV 3J335XQGK,transfer,synthetic_2025_09.csv,Savings Transfer,transfer
1,2025-09-24,-20.4,USD,UBER TRIP HELP.UBER.COM,purchase,synthetic_2025_09.csv,Uber,transport
1,2025-09-25,-31.99,USD,TRADER JOES #5735 QPS DENVER,purchase,synthetic_2025_09.csv,Trader Joe's,groceries
1,2025-09-25,-41.0,USD,UBER TRIP HELP.UBER.COM,purchase,synthetic_2025_09.csv,Uber,transport
1,2025-09-26,-79.0,USD,COMCAST *XFINITY 0926,purchase,synthetic_2025_09.csv,Comcast,utilities
1,2025-09-27,-1450.0,USD,GREENLINE APTS RENT 0927,purchase,synthetic_2025_09.csv,Greenline Apartments,rent
1,2025-09-27,-16.82,USD,UBER *TRIP 0927,purchase,synthetic_2025_09.csv,Uber,transport
1,2025-09-28,-4.59,USD,SQ *BLUE BOTTLE AUSTIN TX,purchase,synthetic_2025_09.csv,Blue Bottle Coffee,coffee
1,2025-09-28,-7.0,USD,SQ *BLUE BOTTLE BOSTON MA,purchase,synthetic_2025_09.csv,Blue Bottle Coffee,coffee
1,2025-09-28,-4.4,USD,SQ *BLUE BOTTLE DENVER CO,purchase,synthetic_2025_09.csv,Blue Bottle Coffee,coffee
1,2025-09-30,2350.0,USD,ACME CORP DIRECT DEP PPD ID:20RBGF5EF,income,synthetic_2025_09.csv,Acme Corp Payroll,income
1,2025-09-30,-23.61,USD,CHIPOTLE 55084 BOSTON MA,purchase,synthetic_2025_09.csv,Chipotle,dining
1,2025-09-30,-375.54,USD,MARRIOTT AUSTIN TX,purchase,synthetic_2025_09.csv,Marriott,travel
1,2025-09-30,-27.18,USD,UBER *TRIP 0930,purchase,synthetic_2025_09.csv,Uber,transport
1,2025-10-01,-137.03,USD,AMZN Mktp US*2C8QNY6DZ,purchase,synthetic_2025_10.csv,Amazon,shopping
1,2025-10-01,-8.39,USD,SQ *BLUE BOTTLE PORTLAND OR,purchase,synthetic_2025_10.csv,Blue Bottle Coffee,coffee
1,2025-10-01,-24.99,USD,PLANET FIT #66990 BOSTON MA,purchase,synthetic_2025_10.csv,Planet Fitness,health
1,2025-10-01,-93.9,USD,WHOLE FOODS MKT PORTLAND OR 1001,purchase,synthetic_2025_10.csv,Whole Foods,groceries
1,2025-10-02,-22.47,USD,AMC #41399 PORTLAND OR,purchase,synthetic_2025_10.csv,AMC Theatres,entertainment
1,2025-10-02,-81.85,USD,WHOLEFDS AUSTIN #05769,purchase,synthetic_2025_10.csv,Whole Foods,groceries
1,2025-10-03,-164.56,USD,AMZN Mktp US*BCPLW75DQ,purchase,synthetic_2025_10.csv,Amazon,shopping
1,2025-10-03,-47.93,USD,WHOLEFDS AUSTIN #15118,purchase,synthetic_2025_10.csv,Whole Foods,groceries
1,2025-10-04,-22.46,USD,UBER TRIP HELP.UBER.COM,purchase,synthetic_2025_10.csv,Uber,transport
1,2025-10-04,-68.12,USD,WHOLE FOODS MKT AUSTIN TX 1004,purchase,synthetic_2025_10.csv,Whole Foods,groceries
1,2025-10-05,-77.43,USD,TRADER JOES #20741 QPS CHICAGO,purchase,synthetic_2025_10.csv,Trader Joe's,groceries
1,2025-10-05,-80.51,USD,TRADER JOE'S #41240 PORTLAND OR,purchase,synthetic_2025_10.csv,Trader Joe's,groceries
1,2025-10-06,-4.66,USD,SQ *BLUE BOTTLE CHICAGO IL,purchase,synthetic_2025_10.csv,Blue Bottle Coffee,coffee
1,2025-10-06,-19.84,USD,TST* CHIPOTLE - AUSTIN,purchase,synthetic_2025_10.csv,Chipotle,dining
1,2025-10-06,-42.88,USD,TRADER JOES #87500 QPS CHICAGO,purchase,synthetic_2025_10.csv,Trader Joe's,groceries
1,2025-10-06,-29.23,USD,TRADER JOE'S #91054 SEATTLE WA,purchase,synthetic_2025_10.csv,Trader Joe's,groceries
1,2025-10-07,-42.81,USD,TRADER JOE'S #51368 PORTLAND OR,purchase,synthetic_2025_10.csv,Trader Joe's,groceries
1,2025-10-08,-58.27,USD,AMAZON.COM*NYGZJ756L AMZN.COM/BILL,purchase,synthetic_2025_10.csv,Amazon,shopping
1,2025-10-09,-122.02,USD,AMZN Mktp US*3DEM932W5,purchase,synthetic_2025_10.csv,Amazon,shopping
1,2025-10-09,-125.7,USD,AMAZON.COM*ETVFHA689 AMZN.COM/BILL,purchase,synthetic_2025_10.csv,Amazon,shopping
1,2025-10-09,-5.9,USD,SQ *BLUE BOTTLE COFFEE DENVER,purchase,synthetic_2025_10.csv,Blue Bottle Coffee,coffee
1,2025-10-09,-20.14,USD,TST* CHIPOTLE - PORTLAND,purchase,synthetic_2025_10.csv,Chipotle,dining
1,2025-10-09,-11.99,USD,SPOTIFY P0067171 NEW YORK NY,purchase,synthetic_2025_10.csv,Spotify,subscriptions
1,2025-10-10,-9.47,USD,SQ *BLUE BOTTLE COFFEE BOSTON,purchase,synthetic_2025_10.csv,Blue Bottle Coffee,coffee
1,2025-10-10,-29.23,USD,UBER TRIP HELP.UBER.COM,purchase,synthetic_2025_10.csv,Uber,transport
1,2025-10-11,-9.41,USD,SQ *BLUE BOTTLE COFFEE CHICAGO,purchase,synthetic_2025_10.csv,Blue Bottle Coffee,coffee
1,2025-10-11,-4.54,USD,SQ *BLUE BOTTLE DENVER CO,purchase,synthetic_2025_10.csv,Blue Bottle Coffee,coffee
1,2025-10-12,-8.11,USD,SQ *BLUE BOTTLE COFFEE DENVER,purchase,synthetic_2025_10.csv,Blue Bottle Coffee,coffee
1,2025-10-13,2350.0,USD,ACME CORP DIRECT DEP PPD ID:LS522WYL8,income,synthetic_2025_10.csv,Acme Corp Payroll,income
1,2025-10-13,-40.85,USD,UBER TRIP HELP.UBER.COM,purchase,synthetic_2025_10.csv,Uber,transport
1,2025-10-14,-45.53,USD,AMZN Mktp US*R6GQBDWLU,purchase,synthetic_2025_10.csv,Amazon,shopping
1,2025-10-14,-29.66,USD,UBER TRIP HELP.UBER.COM,purchase,synthetic_2025_10.csv,Uber,transport
1,2025-10-14,-24.03,USD,UBER *TRIP 1014,purchase,synthetic_2025_10.csv,Uber,transport
1,2025-10-15,-19.66,USD,TARGET T-66934 AUSTIN TX,purchase,synthetic_2025_10.csv,Target,shopping
1,2025-10-17,-15.49,USD,NETFLIX.COM DENVER CO,purchase,synthetic_2025_10.csv,Netflix,subscriptions
1,2025-10-18,-5.96,USD,SQ *BLUE BOTTLE AUSTIN TX,purchase,synthetic_2025_10.csv,Blue Bottle Coffee,coffee
1,2025-10-18,-61.45,USD,CVS/PHARMACY #29404 PORTLAND,purchase,synthetic_2025_10.csv,CVS Pharmacy,health
1,2025-10-18,-128.57,USD,TARGET.COM * X3NYZD7P3,purchase,synthetic_2025_10.csv,Target,shopping
1,2025-10-19,-32.82,USD,AMC ONLINE HQGANSTZ8,purchase,synthetic_2025_10.csv,AMC Theatres,entertainment
1,2025-10-19,-7.13,USD,SQ *BLUE BOTTLE COFFEE CHICAGO,purchase,synthetic_2025_10.csv,Blue Bottle Coffee,coffee
1,2025-10-20,-8.36,USD,SQ *BLUE BOTTLE PORTLAND OR,purchase,synthetic_2025_10.csv,Blue Bottle Coffee,coffee
1,2025-10-20,-6.96,USD,SQ *BLUE BOTTLE AUSTIN TX,purchase,synthetic_2025_10.csv,Blue Bottle Coffee,coffee
1,2025-10-20,-15.57,USD,CHIPOTLE 22412 PORTLAND OR,purchase,synthetic_2025_10.csv,Chipotle,dining
1,2025-10-22,-18.69,USD,CVS 93806 BOSTON MA,purchase,synthetic_2025_10.csv,CVS Pharmacy,health
1,2025-10-22,-524.5,USD,DELTA AIR MT0N0WX75 ATLANTA GA,purchase,synthetic_2025_10.csv,Delta Air Lines,travel
1,2025-10-22,-55.05,USD,SHELL SERVICE STATION #50236,purchase,synthetic_2025_10.csv,Shell,transport
1,2025-10-22,-38.26,USD,TARGET.COM * 934U9C19Q,purchase,synthetic_2025_10.csv,Target,shopping
1,2025-10-22,-31.6,USD,TRADER JOE'S #54687 SEATTLE WA,purchase,synthetic_2025_10.csv,Trader Joe's,groceries
1,2025-10-22,-49.09,USD,TRADER JOES #60069 QPS SEATTLE,purchase,synthetic_2025_10.csv,Trader Joe's,groceries
1,2025-10-23,-9.18,USD,SQ *BLUE BOTTLE CHICAGO IL,purchase,synthetic_2025_10.csv,Blue Bottle Coffee,coffee
1,2025-10-23,-4.72,USD,SQ *BLUE BOTTLE COFFEE SEATTLE,purchase,synthetic_2025_10.csv,Blue Bottle Coffee,coffee
1,2025-10-23,-400.0,USD,ONLINE TRANSFER TO SAV A01CDP1D7,transfer,synthetic_2025_10.csv,Savings Transfer,transfer
1,2025-10-24,-22.99,USD,ADOBE *CREATIVE CLD,purchase,synthetic_2025_10.csv,Adobe,subscriptions
1,2025-10-24,-5.07,USD,SQ *BLUE BOTTLE AUSTIN TX,purchase,synthetic_2025_10.csv,Blue Bottle Coffee,coffee
1,2025-10-24,-56.19,USD,SHELL OIL 00068378 PORTLAND OR,purchase,synthetic_2025_10.csv,Shell,transport
1,2025-10-24,-23.5,USD,UBER *TRIP 1024,purchase,synthetic_2025_10.csv,Uber,transport
1,2025-10-25,-90.46,USD,TRADER JOES #23832 QPS CHICAGO,purchase,synthetic_2025_10.csv,Trader Joe's,groceries
1,2025-10-26,2350.0,USD,ACME CORP DIRECT DEP PPD ID:91SWV2AD3,income,synthetic_2025_10.csv,Acme Corp Payroll,income
1,2025-10-26,-18.48,USD,TST* CHIPOTLE - BOSTON,purchase,synthetic_2025_10.csv,Chipotle,dining
1,2025-10-26,-79.0,USD,COMCAST CABLE COMM CHICAGO,purchase,synthetic_2025_10.csv,Comcast,utilities
1,2025-10-26,-1450.0,USD,GREENLINE APTS RENT 1026,purchase,synthetic_2025_10.csv,Greenline Apartments,rent
1,2025-10-26,-74.4,USD,TARGET T-97038 SEATTLE WA,purchase,synthetic_2025_10.csv,Target,shopping
1,2025-10-26,-29.24,USD,UBER *TRIP 1026,purchase,synthetic_2025_10.csv,Uber,transport
1,2025-10-26,-129.75,USD,WHOLEFDS DENVER #07491,purchase,synthetic_2025_10.csv,Whole Foods,groceries
1,2025-10-27,-28.04,USD,UBER TRIP HELP.UBER.COM,purchase,synthetic_2025_10.csv,Uber,transport
1,2025-10-28,-121.76,USD,AMAZON.COM*SJZKG0S18 AMZN.COM/BILL,purchase,synthetic_2025_10.csv,Amazon,shopping
1,2025-10-28,-21.94,USD,AMZN Mktp US*HCU8K9YY0,purchase,synthetic_2025_10.csv,Amazon,shopping
1,2025-10-28,-40.45,USD,TRADER JOE'S #16828 CHICAGO IL,purchase,synthetic_2025_10.csv,Trader Joe's,groceries
1,2025-10-28,-34.36,USD,UBER *TRIP 1028,purchase,synthetic_2025_10.csv,Uber,transport
1,2025-10-28,-30.61,USD,UBER *TRIP 1028,purchase,synthetic_2025_10.csv,Uber,transport
1,2025-10-29,-25.89,USD,CVS/PHARMACY #55431 PORTLAND,purchase,synthetic_2025_10.csv,CVS Pharmacy,health
1,2025-10-29,-23.33,USD,CVS/PHARMACY #24514 AUSTIN,purchase,synthetic_2025_10.csv,CVS Pharmacy,health
1,2025-10-30,-7.24,USD,SQ *BLUE BOTTLE COFFEE BOSTON,purchase,synthetic_2025_10.csv,Blue Bottle Coffee,coffee
1,2025-10-30,-16.13,USD,TST* CHIPOTLE - AUSTIN,purchase,synthetic_2025_10.csv,Chipotle,dining
1,2025-10-31,-24.99,USD,PLANET FIT #55052 SEATTLE WA,purchase,synthetic_2025_10.csv,Planet Fitness,health
1,2025-11-01,-21.33,USD,AMC #44938 PORTLAND OR,purchase,synthetic_2025_11.csv,AMC Theatres,entertainment
1,2025-11-03,-16.61,USD,CHIPOTLE 26560 BOSTON MA,purchase,synthetic_2025_11.csv,Chipotle,dining
1,2025-11-04,-4.73,USD,SQ *BLUE BOTTLE COFFEE PORTLAND,purchase,synthetic_2025_11.csv,Blue Bottle Coffee,coffee
1,2025-11-04,-20.92,USD,TST* CHIPOTLE - DENVER,purchase,synthetic_2025_11.csv,Chipotle,dining
1,2025-11-04,-49.82,USD,TRADER JOES #79325 QPS PORTLAND,purchase,synthetic_2025_11.csv,Trader Joe's,groceries
1,2025-11-04,-56.5,USD,TRADER JOES #36340 QPS CHICAGO,purchase,synthetic_2025_11.csv,Trader Joe's,groceries
1,2025-11-04,-27.97,USD,UBER *TRIP 1104,purchase,synthetic_2025_11.csv,Uber,transport
1,2025-11-05,-45.24,USD,AMAZON.COM*ZGFD255DC AMZN.COM/BILL,purchase,synthetic_2025_11.csv,Amazon,shopping
1,2025-11-05,-50.27,USD,TARGET T-36542 PORTLAND OR,purchase,synthetic_2025_11.csv,Target,shopping
1,2025-11-06,-24.26,USD,TST* CHIPOTLE - PORTLAND,purchase,synthetic_2025_11.csv,Chipotle,dining
1,2025-11-07,-47.97,USD,CVS 91815 SEATTLE WA,purchase,synthetic_2025_11.csv,CVS Pharmacy,health
1,2025-11-08,-6.41,USD,SQ *BLUE BOTTLE AUSTIN TX,purchase,synthetic_2025_11.csv,Blue Bottle Coffee,coffee
1,2025-11-08,-82.23,USD,TARGET T-2056 CHICAGO IL,purchase,synthetic_2025_11.csv,Target,shopping
1,2025-11-08,-37.09,USD,UBER *TRIP 1108,purchase,synthetic_2025_11.csv,Uber,transport
1,2025-11-09,-18.31,USD,TST* CHIPOTLE - SEATTLE,purchase,synthetic_2025_11.csv,Chipotle,dining
1,2025-11-09,-11.99,USD,SPOTIFY P0087113 NEW YORK NY,purchase,synthetic_2025_11.csv,Spotify,subscriptions
1,2025-11-09,-29.64,USD,WHOLEFDS DENVER #49965,purchase,synthetic_2025_11.csv,Whole Foods,groceries
1,2025-11-10,2350.0,USD,ACME CORP DIRECT DEP PPD ID:11D6A1MLX,income,synthetic_2025_11.csv,Acme Corp Payroll,income
1,2025-11-10,-9.21,USD,SQ *BLUE BOTTLE AUSTIN TX,purchase,synthetic_2025_11.csv,Blue Bottle Coffee,coffee
1,2025-11-10,-21.98,USD,UBER *TRIP 1110,purchase,synthetic_2025_11.csv,Uber,transport
1,2025-11-11,-89.88,USD,TRADER JOES #67334 QPS BOSTON,purchase,synthetic_2025_11.csv,Trader Joe's,groceries
1,2025-11-12,-27.78,USD,TARGET T-42728 DENVER CO,purchase,synthetic_2025_11.csv,Target,shopping
1,2025-11-12,-13.87,USD,UBER *TRIP 1112,purchase,synthetic_2025_11.csv,Uber,transport
1,2025-11-13,-74.85,USD,AMZN Mktp US*VRDFVTL9T,purchase,synthetic_2025_11.csv,Amazon,shopping
1,2025-11-13,-19.8,USD,CHIPOTLE 28467 BOSTON MA,purchase,synthetic_2025_11.csv,Chipotle,dining
1,2025-11-13,-59.94,USD,WHOLEFDS PORTLAND #50402,purchase,synthetic_2025_11.csv,Whole Foods,groceries
1,2025-11-13,-59.51,USD,WHOLEFDS SEATTLE #96809,purchase,synthetic_2025_11.csv,Whole Foods,groceries
1,2025-11-14,-8.12,USD,SQ *BLUE BOTTLE COFFEE CHICAGO,purchase,synthetic_2025_11.csv,Blue Bottle Coffee,coffee
1,2025-11-14,-21.18,USD,CHIPOTLE 13834 CHICAGO IL,purchase,synthetic_2025_11.csv,Chipotle,dining
1,2025-11-14,-49.27,USD,SHELL OIL 00062351 CHICAGO IL,purchase,synthetic_2025_11.csv,Shell,transport
1,2025-11-15,16.44,USD,AMAZON.COM*SEBK38625 RETURN,refund,synthetic_2025_11.csv,Amazon,shopping
1,2025-11-15,-81.27,USD,TRADER JOE'S #95951 BOSTON MA,purchase,synthetic_2025_11.csv,Trader Joe's,groceries
1,2025-11-16,-68.44,USD,AMAZON.COM*6SYHFX34W AMZN.COM/BILL,purchase,synthetic_2025_11.csv,Amazon,shopping
1,2025-11-16,-112.15,USD,AMZN Mktp US*AW00GEMCS,purchase,synthetic_2025_11.csv,Amazon,shopping
1,2025-11-16,-139.01,USD,AMAZON.COM*NQ41JPTCG AMZN.COM/BILL,purchase,synthetic_2025_11.csv,Amazon,shopping
1,2025-11-16,-14.27,USD,CHIPOTLE 0766 SEATTLE WA,purchase,synthetic_2025_11.csv,Chipotle,dining
1,2025-11-16,-15.49,USD,NETFLIX.COM BOSTON MA,purchase,synthetic_2025_11.csv,Netflix,subscriptions
1,2025-11-16,-37.82,USD,SHELL SERVICE STATION #62290,purchase,synthetic_2025_11.csv,Shell,transport
1,2025-11-16,-68.41,USD,TARGET.COM * 4HYWQJVPU,purchase,synthetic_2025_11.csv,Target,shopping
1,2025-11-17,-103.97,USD,AMAZON.COM*7LSJ1DCA8 AMZN.COM/BILL,purchase,synthetic_2025_11.csv,Amazon,shopping
1,2025-11-17,-13.3,USD,TST* CHIPOTLE - SEATTLE,purchase,synthetic_2025_11.csv,Chipotle,dining
1,2025-11-19,-5.8,USD,SQ *BLUE BOTTLE COFFEE PORTLAND,purchase,synthetic_2025_11.csv,Blue Bottle Coffee,coffee
1,2025-11-19,-7.42,USD,SQ *BLUE BOTTLE COFFEE DENVER,purchase,synthetic_2025_11.csv,Blue Bottle Coffee,coffee
1,2025-11-19,-4.64,USD,SQ *BLUE BOTTLE COFFEE SEATTLE,purchase,synthetic_2025_11.csv,Blue Bottle Coffee,coffee
1,2025-11-19,-90.63,USD,TRADER JOE'S #62976 DENVER CO,purchase,synthetic_2025_11.csv,Trader Joe's,groceries
1,2025-11-19,-34.01,USD,UBER TRIP HELP.UBER.COM,purchase,synthetic_2025_11.csv,Uber,transport
1,2025-11-21,-25.86,USD,AMC ONLINE WANCCC2E3,purchase,synthetic_2025_11.csv,AMC Theatres,entertainment
1,2025-11-21,-128.79,USD,AMZN Mktp US*BXL5WBHUT,purchase,synthetic_2025_11.csv,Amazon,shopping
1,2025-11-21,-583.77,USD,DELTA AIR LINES 1121,purchase,synthetic_2025_11.csv,Delta Air Lines,travel
1,2025-11-21,-45.05,USD,TRADER JOE'S #8699 BOSTON MA,purchase,synthetic_2025_11.csv,Trader Joe's,groceries
1,2025-11-21,-38.28,USD,UBER TRIP HELP.UBER.COM,purchase,synthetic_2025_11.csv,Uber,transport
1,2025-11-23,-6.22,USD,SQ *BLUE BOTTLE COFFEE SEATTLE,purchase,synthetic_2025_11.csv,Blue Bottle Coffee,coffee
1,2025-11-23,-400.0,USD,ONLINE TRANSFER TO SAV 2CCCR9FST,transfer,synthetic_2025_11.csv,Savings Transfer,transfer
1,2025-11-23,-21.52,USD,TRADER JOES #66183 QPS DENVER,purchase,synthetic_2025_11.csv,Trader Joe's,groceries
1,2025-11-24,2350.0,USD,ACME CORP DIRECT DEP PPD ID:MR9JA87VQ,income,synthetic_2025_11.csv,Acme Corp Payroll,income
1,2025-11-24,-22.99,USD,ADOBE INC. 408-536-6000 CA,purchase,synthetic_2025_11.csv,Adobe,subscriptions
1,2025-11-24,-8.42,USD,SQ *BLUE BOTTLE COFFEE DENVER,purchase,synthetic_2025_11.csv,Blue Bottle Coffee,coffee
1,2025-11-24,-79.0,USD,COMCAST CABLE COMM SEATTLE,purchase,synthetic_2025_11.csv,Comcast,utilities
1,2025-11-25,-49.6,USD,AMAZON.COM*P7JMX06HT AMZN.COM/BILL,purchase,synthetic_2025_11.csv,Amazon,shopping
1,2025-11-25,-15.92,USD,CHIPOTLE 76197 BOSTON MA,purchase,synthetic_2025_11.csv,Chipotle,dining
1,2025-11-25,-120.71,USD,WHOLEFDS DENVER #37878,purchase,synthetic_2025_11.csv,Whole Foods,groceries
1,2025-11-26,-1450.0,USD,GREENLINE APTS RENT 1126,purchase,synthetic_2025_11.csv,Greenline Apartments,rent
1,2025-11-26,-60.19,USD,TRADER JOE'S #18138 PORTLAND OR,purchase,synthetic_2025_11.csv,Trader Joe's,groceries
1,2025-11-27,-23.59,USD,AMC #61769 AUSTIN TX,purchase,synthetic_2025_11.csv,AMC Theatres,entertainment
1,2025-11-27,-7.74,USD,SQ *BLUE BOTTLE CHICAGO IL,purchase,synthetic_2025_11.csv,Blue Bottle Coffee,coffee
1,2025-11-27,-7.36,USD,SQ *BLUE BOTTLE COFFEE CHICAGO,purchase,synthetic_2025_11.csv,Blue Bottle Coffee,coffee
1,2025-11-27,-63.33,USD,TRADER JOE'S #79856 AUSTIN TX,purchase,synthetic_2025_11.csv,Trader Joe's,groceries
1,2025-11-28,-39.89,USD,SHELL OIL 00072305 CHICAGO IL,purchase,synthetic_2025_11.csv,Shell,transport
1,2025-11-28,-39.41,USD,SHELL OIL 00070150 BOSTON MA,purchase,synthetic_2025_11.csv,Shell,transport
1,2025-11-28,-49.66,USD,WHOLEFDS SEATTLE #77544,purchase,synthetic_2025_11.csv,Whole Foods,groceries
1,2025-11-28,-49.73,USD,WHOLEFDS DENVER #75792,purchase,synthetic_2025_11.csv,Whole Foods,groceries
1,2025-11-29,-40.86,USD,CVS/PHARMACY #11238 DENVER,purchase,synthetic_2025_11.csv,CVS Pharmacy,health
1,2025-11-29,-22.59,USD,CVS 88775 CHICAGO IL,purchase,synthetic_2025_11.csv,CVS Pharmacy,health
1,2025-11-30,-24.99,USD,PLANET FIT #61722 CHICAGO IL,purchase,synthetic_2025_11.csv,Planet Fitness,health
1,2025-12-01,-81.75,USD,TARGET.COM * GWEL27H88,purchase,synthetic_2025_12.csv,Target,shopping
1,2025-12-01,-24.33,USD,TRADER JOES #72042 QPS DENVER,purchase,synthetic_2025_12.csv,Trader Joe's,groceries
1,2025-12-02,-37.15,USD,UBER *TRIP 1202,purchase,synthetic_2025_12.csv,Uber,transport
1,2025-12-03,-4.45,USD,SQ *BLUE BOTTLE SEATTLE WA,purchase,synthetic_2025_12.csv,Blue Bottle Coffee,coffee
1,2025-12-03,-21.22,USD,TST* CHIPOTLE - AUSTIN,purchase,synthetic_2025_12.csv,Chipotle,dining
1,2025-12-03,-107.65,USD,TARGET T-33298 CHICAGO IL,purchase,synthetic_2025_12.csv,Target,shopping
1,2025-12-03,-36.47,USD,WHOLE FOODS MKT DENVER CO 1203,purchase,synthetic_2025_12.csv,Whole Foods,groceries
1,2025-12-04,-30.81,USD,AMC ONLINE GLY4Q0FEJ,purchase,synthetic_2025_12.csv,AMC Theatres,entertainment
1,2025-12-04,-92.52,USD,AMAZON.COM*MJ584Y63K AMZN.COM/BILL,purchase,synthetic_2025_12.csv,Amazon,shopping
1,2025-12-04,-5.3,USD,SQ *BLUE BOTTLE PORTLAND OR,purchase,synthetic_2025_12.csv,Blue Bottle Coffee,coffee
1,2025-12-04,-22.72,USD,CHIPOTLE 3492 CHICAGO IL,purchase,synthetic_2025_12.csv,Chipotle,dining
1,2025-12-04,-23.33,USD,UBER *TRIP 1204,purchase,synthetic_2025_12.csv,Uber,transport
1,2025-12-05,-26.1,USD,AMC #95923 DENVER CO,purchase,synthetic_2025_12.csv,AMC Theatres,entertainment
1,2025-12-05,-163.44,USD,MARRIOTT AUSTIN TX,purchase,synthetic_2025_12.csv,Marriott,travel
1,2025-12-05,-37.48,USD,UBER *TRIP 1205,purchase,synthetic_2025_12.csv,Uber,transport
1,2025-12-06,-137.3,USD,TARGET.COM * LXUW5CZ77,purchase,synthetic_2025_12.csv,Target,shopping
1,2025-12-06,-41.09,USD,TRADER JOES #19060 QPS CHICAGO,purchase,synthetic_2025_12.csv,Trader Joe's,groceries
1,2025-12-07,-22.32,USD,TRADER JOE'S #44086 DENVER CO,purchase,synthetic_2025_12.csv,Trader Joe's,groceries
1,2025-12-08,2350.0,USD,ACME CORP DIRECT DEP PPD ID:JJJD13L59,income,synthetic_2025_12.csv,Acme Corp Payroll,income
1,2025-12-08,-11.99,USD,SPOTIFY P0074874 NEW YORK NY,purchase,synthetic_2025_12.csv,Spotify,subscriptions
1,2025-12-08,-32.01,USD,UBER *TRIP 1208,purchase,synthetic_2025_12.csv,Uber,transport
1,2025-12-09,-16.84,USD,AMC #92737 PORTLAND OR,purchase,synthetic_2025_12.csv,AMC Theatres,entertainment
1,2025-12-09,-8.91,USD,SQ *BLUE BOTTLE PORTLAND OR,purchase,synthetic_2025_12.csv,Blue Bottle Coffee,coffee
1,2025-12-10,-5.83,USD,SQ *BLUE BOTTLE COFFEE CHICAGO,purchase,synthetic_2025_12.csv,Blue Bottle Coffee,coffee
1,2025-12-10,-12.61,USD,UBER TRIP HELP.UBER.COM,purchase,synthetic_2025_12.csv,Uber,transport
1,2025-12-11,-7.87,USD,SQ *BLUE BOTTLE BOSTON MA,purchase,synthetic_2025_12.csv,Blue Bottle Coffee,coffee
1,2025-12-11,-481.48,USD,DELTA AIR A7LHBV7XX ATLANTA GA,purchase,synthetic_2025_12.csv,Delta Air Lines,travel
1,2025-12-12,-9.35,USD,SQ *BLUE BOTTLE SEATTLE WA,purchase,synthetic_2025_12.csv,Blue Bottle Coffee,coffee
1,2025-12-13,-21.49,USD,CVS 50794 PORTLAND OR,purchase,synthetic_2025_12.csv,CVS Pharmacy,health
1,2025-12-13,-14.13,USD,TST* CHIPOTLE - BOSTON,purchase,synthetic_2025_12.csv,Chipotle,dining
1,2025-12-13,-47.88,USD,TRADER JOES #42251 QPS DENVER,purchase,synthetic_2025_12.csv,Trader Joe's,groceries
1,2025-12-14,-6.51,USD,SQ *BLUE BOTTLE COFFEE PORTLAND,purchase,synthetic_2025_12.csv,Blue Bottle Coffee,coffee
1,2025-12-14,-7.97,USD,SQ *BLUE BOTTLE COFFEE PORTLAND,purchase,synthetic_2025_12.csv,Blue Bottle Coffee,coffee
1,2025-12-14,-66.35,USD,TRADER JOES #39174 QPS BOSTON,purchase,synthetic_2025_12.csv,Trader Joe's,groceries
1,2025-12-15,-6.85,USD,SQ *BLUE BOTTLE COFFEE AUSTIN,purchase,synthetic_2025_12.csv,Blue Bottle Coffee,coffee
1,2025-12-15,-9.03,USD,SQ *BLUE BOTTLE CHICAGO IL,purchase,synthetic_2025_12.csv,Blue Bottle Coffee,coffee
1,2025-12-15,-9.36,USD,SQ *BLUE BOTTLE SEATTLE WA,purchase,synthetic_2025_12.csv,Blue Bottle Coffee,coffee
1,2025-12-15,-60.64,USD,SHELL OIL 00051624 BOSTON MA,purchase,synthetic_2025_12.csv,Shell,transport
1,2025-12-15,-78.21,USD,WHOLEFDS BOSTON #77648,purchase,synthetic_2025_12.csv,Whole Foods,groceries
1,2025-12-16,-82.77,USD,TRADER JOE'S #53502 BOSTON MA,purchase,synthetic_2025_12.csv,Trader Joe's,groceries
1,2025-12-16,-94.29,USD,WHOLE FOODS MKT DENVER CO 1216,purchase,synthetic_2025_12.csv,Whole Foods,groceries
1,2025-12-17,-14.81,USD,CVS 49438 SEATTLE WA,purchase,synthetic_2025_12.csv,CVS Pharmacy,health
1,2025-12-17,-21.6,USD,TST* CHIPOTLE - AUSTIN,purchase,synthetic_2025_12.csv,Chipotle,dining
1,2025-12-17,-15.49,USD,NETFLIX *MONTHLY,purchase,synthetic_2025_12.csv,Netflix,subscriptions
1,2025-12-18,-173.86,USD,AMAZON.COM*7DYX1ZEBQ AMZN.COM/BILL,purchase,synthetic_2025_12.csv,Amazon,shopping
1,2025-12-19,-7.97,USD,SQ *BLUE BOTTLE COFFEE BOSTON,purchase,synthetic_2025_12.csv,Blue Bottle Coffee,coffee
1,2025-12-19,-7.43,USD,SQ *BLUE BOTTLE COFFEE PORTLAND,purchase,synthetic_2025_12.csv,Blue Bottle Coffee,coffee
1,2025-12-19,-13.48,USD,TST* CHIPOTLE - BOSTON,purchase,synthetic_2025_12.csv,Chipotle,dining
1,2025-12-21,-11.35,USD,TST* CHIPOTLE - SEATTLE,purchase,synthetic_2025_12.csv,Chipotle,dining
1,2025-12-22,-72.06,USD,CVS/PHARMACY #20536 BOSTON,purchase,synthetic_2025_12.csv,CVS Pharmacy,health
1,2025-12-23,2350.0,USD,ACME CORP DIRECT DEP PPD ID:58XFK2ZMG,income,synthetic_2025_12.csv,Acme Corp Payroll,income
1,2025-12-23,-79.0,USD,COMCAST *XFINITY 1223,purchase,synthetic_2025_12.csv,Comcast,utilities
1,2025-12-23,-400.0,USD,ONLINE TRANSFER TO SAV ZN1US57QW,transfer,synthetic_2025_12.csv,Savings Transfer,transfer
1,2025-12-23,-13.01,USD,UBER *TRIP 1223,purchase,synthetic_2025_12.csv,Uber,transport
1,2025-12-25,-22.99,USD,ADOBE INC. 408-536-6000 CA,purchase,synthetic_2025_12.csv,Adobe,subscriptions
1,2025-12-25,-44.78,USD,AMAZON.COM*N5XCJ5QNR AMZN.COM/BILL,purchase,synthetic_2025_12.csv,Amazon,shopping
1,2025-12-26,-59.9,USD,AMAZON.COM*REYK0M43T AMZN.COM/BILL,purchase,synthetic_2025_12.csv,Amazon,shopping
1,2025-12-26,-93.78,USD,TRADER JOES #10012 QPS DENVER,purchase,synthetic_2025_12.csv,Trader Joe's,groceries
1,2025-12-27,-1450.0,USD,GREENLINE APTS RENT 1227,purchase,synthetic_2025_12.csv,Greenline Apartments,rent
1,2025-12-27,-83.46,USD,TRADER JOES #10489 QPS BOSTON,purchase,synthetic_2025_12.csv,Trader Joe's,groceries
1,2025-12-27,-75.1,USD,TRADER JOES #2340 QPS BOSTON,purchase,synthetic_2025_12.csv,Trader Joe's,groceries
1,2025-12-27,-15.48,USD,UBER TRIP HELP.UBER.COM,purchase,synthetic_2025_12.csv,Uber,transport
1,2025-12-28,38.9,USD,AMAZON.COM*T4N28LPWM RETURN,refund,synthetic_2025_12.csv,Amazon,shopping
1,2025-12-28,-49.93,USD,SHELL OIL 00049432 PORTLAND OR,purchase,synthetic_2025_12.csv,Shell,transport
1,2025-12-29,-64.02,USD,TRADER JOES #26792 QPS PORTLAND,purchase,synthetic_2025_12.csv,Trader Joe's,groceries
1,2025-12-30,-86.96,USD,TARGET T-1441 CHICAGO IL,purchase,synthetic_2025_12.csv,Target,shopping
1,2025-12-31,-24.99,USD,PLANET FIT #52475 BOSTON MA,purchase,synthetic_2025_12.csv,Planet Fitness,health
1,2026-01-01,-22.82,USD,UBER TRIP HELP.UBER.COM,purchase,synthetic_2026_01.csv,Uber,transport
1,2026-01-02,-22.76,USD,AMC #67233 PORTLAND OR,purchase,synthetic_2026_01.csv,AMC Theatres,entertainment
1,2026-01-02,-74.01,USD,TRADER JOES #77305 QPS AUSTIN,purchase,synthetic_2026_01.csv,Trader Joe's,groceries
1,2026-01-03,-67.84,USD,TRADER JOE'S #53203 AUSTIN TX,purchase,synthetic_2026_01.csv,Trader Joe's,groceries
1,2026-01-03,-15.96,USD,UBER *TRIP 0103,purchase,synthetic_2026_01.csv,Uber,transport
1,2026-01-04,38.24,USD,AMZN Mktp US*PQWKYH1KU REFUND,refund,synthetic_2026_01.csv,Amazon,shopping
1,2026-01-04,-29.26,USD,UBER TRIP HELP.UBER.COM,purchase,synthetic_2026_01.csv,Uber,transport
1,2026-01-05,2350.0,USD,ACME CORP DIRECT DEP PPD ID:VTHHB8S13,income,synthetic_2026_01.csv,Acme Corp Payroll,income
1,2026-01-05,-8.89,USD,SQ *BLUE BOTTLE COFFEE BOSTON,purchase,synthetic_2026_01.csv,Blue Bottle Coffee,coffee
1,2026-01-05,-126.98,USD,WHOLE FOODS MKT DENVER CO 0105,purchase,synthetic_2026_01.csv,Whole Foods,groceries
1,2026-01-07,-37.76,USD,AMAZON.COM*3EWBJT2DX AMZN.COM/BILL,purchase,synthetic_2026_01.csv,Amazon,shopping
1,2026-01-07,-47.67,USD,SHELL OIL 00086883 BOSTON MA,purchase,synthetic_2026_01.csv,Shell,transport
1,2026-01-07,-28.6,USD,SHELL OIL 00068426 SEATTLE WA,purchase,synthetic_2026_01.csv,Shell,transport
1,2026-01-07,-41.39,USD,UBER *TRIP 0107,purchase,synthetic_2026_01.csv,Uber,transport
1,2026-01-08,-7.45,USD,SQ *BLUE BOTTLE AUSTIN TX,purchase,synthetic_2026_01.csv,Blue Bottle Coffee,coffee
1,2026-01-08,-21.46,USD,CHIPOTLE 32987 PORTLAND OR,purchase,synthetic_2026_01.csv,Chipotle,dining
1,2026-01-08,-11.99,USD,PAYPAL *SPOTIFY USA,purchase,synthetic_2026_01.csv,Spotify,subscriptions
1,2026-01-08,-119.61,USD,WHOLE FOODS MKT DENVER CO 0108,purchase,synthetic_2026_01.csv,Whole Foods,groceries
1,2026-01-09,-4.93,USD,SQ *BLUE BOTTLE COFFEE PORTLAND,purchase,synthetic_2026_01.csv,Blue Bottle Coffee,coffee
1,2026-01-09,-123.73,USD,WHOLEFDS SEATTLE #93235,purchase,synthetic_2026_01.csv,Whole Foods,groceries
1,2026-01-11,-9.34,USD,SQ *BLUE BOTTLE COFFEE DENVER,purchase,synthetic_2026_01.csv,Blue Bottle Coffee,coffee
1,2026-01-11,-18.24,USD,CHIPOTLE 12296 AUSTIN TX,purchase,synthetic_2026_01.csv,Chipotle,dining
1,2026-01-11,-119.31,USD,WHOLEFDS CHICAGO #31428,purchase,synthetic_2026_01.csv,Whole Foods,groceries
1,2026-01-12,-163.48,USD,AMZN Mktp US*0GBXER7KD,purchase,synthetic_2026_01.csv,Amazon,shopping
1,2026-01-12,-20.36,USD,TARGET.COM * 17356HY06,purchase,synthetic_2026_01.csv,Target,shopping
1,2026-01-12,-53.05,USD,TRADER JOES #5994 QPS CHICAGO,purchase,synthetic_2026_01.csv,Trader Joe's,groceries
1,2026-01-14,-9.49,USD,SQ *BLUE BOTTLE PORTLAND OR,purchase,synthetic_2026_01.csv,Blue Bottle Coffee,coffee
1,2026-01-14,-6.5,USD,SQ *BLUE BOTTLE DENVER CO,purchase,synthetic_2026_01.csv,Blue Bottle Coffee,coffee
1,2026-01-14,-88.7,USD,TRADER JOE'S #28559 AUSTIN TX,purchase,synthetic_2026_01.csv,Trader Joe's,groceries
1,2026-01-14,-16.51,USD,UBER *TRIP 0114,purchase,synthetic_2026_01.csv,Uber,transport
1,2026-01-15,-114.83,USD,AMZN Mktp US*CQJADSX92,purchase,synthetic_2026_01.csv,Amazon,shopping
1,2026-01-15,-5.29,USD,SQ *BLUE BOTTLE COFFEE BOSTON,purchase,synthetic_2026_01.csv,Blue Bottle Coffee,coffee
1,2026-01-15,-15.49,USD,NETFLIX.COM PORTLAND OR,purchase,synthetic_2026_01.csv,Netflix,subscriptions
1,2026-01-17,-20.25,USD,TST* CHIPOTLE - BOSTON,purchase,synthetic_2026_01.csv,Chipotle,dining
1,2026-01-17,-62.73,USD,TRADER JOE'S #92375 AUSTIN TX,purchase,synthetic_2026_01.csv,Trader Joe's,groceries
1,2026-01-18,-3.11,USD,ATM FEE CHICAGO IL,fee,synthetic_2026_01.csv,Bank Fee,fees
1,2026-01-18,-128.57,USD,TARGET.COM * NR9GF295Z,purchase,synthetic_2026_01.csv,Target,shopping
1,2026-01-18,-61.49,USD,TRADER JOES #89243 QPS CHICAGO,purchase,synthetic_2026_01.csv,Trader Joe's,groceries
1,2026-01-18,-19.16,USD,UBER *TRIP 0118,purchase,synthetic_2026_01.csv,Uber,transport
1,2026-01-19,2350.0,USD,ACME CORP DIRECT DEP PPD ID:1PP19N84E,income,synthetic_2026_01.csv,Acme Corp Payroll,income
1,2026-01-19,-5.96,USD,SQ *BLUE BOTTLE COFFEE CHICAGO,purchase,synthetic_2026_01.csv,Blue Bottle Coffee,coffee
1,2026-01-21,-52.25,USD,TARGET.COM * CES8KK82T,purchase,synthetic_2026_01.csv,Target,shopping
1,2026-01-21,-102.97,USD,TARGET T-52794 CHICAGO IL,purchase,synthetic_2026_01.csv,Target,shopping
1,2026-01-22,-19.54,USD,UBER *TRIP 0122,purchase,synthetic_2026_01.csv,Uber,transport
1,2026-01-23,-78.09,USD,CVS 25341 PORTLAND OR,purchase,synthetic_2026_01.csv,CVS Pharmacy,health
1,2026-01-23,-79.0,USD,COMCAST CABLE COMM BOSTON,purchase,synthetic_2026_01.csv,Comcast,utilities
1,2026-01-23,-400.0,USD,ONLINE TRANSFER TO SAV R762ZRUDG,transfer,synthetic_2026_01.csv,Savings Transfer,transfer
1,2026-01-24,-134.08,USD,AMAZON.COM*2MSZ9Q35H AMZN.COM/BILL,purchase,synthetic_2026_01.csv,Amazon,shopping
1,2026-01-24,-7.75,USD,SQ *BLUE BOTTLE DENVER CO,purchase,synthetic_2026_01.csv,Blue Bottle Coffee,coffee
1,2026-01-24,-47.76,USD,CVS/PHARMACY #66457 PORTLAND,purchase,synthetic_2026_01.csv,CVS Pharmacy,health
1,2026-01-25,-22.99,USD,ADOBE *CREATIVE CLD,purchase,synthetic_2026_01.csv,Adobe,subscriptions
1,2026-01-25,-7.21,USD,SQ *BLUE BOTTLE COFFEE PORTLAND,purchase,synthetic_2026_01.csv,Blue Bottle Coffee,coffee
1,2026-01-25,-4.96,USD,SQ *BLUE BOTTLE CHICAGO IL,purchase,synthetic_2026_01.csv,Blue Bottle Coffee,coffee
1,2026-01-25,-615.6,USD,DELTA AIR LINES 0125,purchase,synthetic_2026_01.csv,Delta Air Lines,travel
1,2026-01-26,-14.82,USD,CHIPOTLE 51340 PORTLAND OR,purchase,synthetic_2026_01.csv,Chipotle,dining
1,2026-01-26,-42.49,USD,SHELL OIL 00090872 SEATTLE WA,purchase,synthetic_2026_01.csv,Shell,transport
1,2026-01-26,-25.04,USD,UBER TRIP HELP.UBER.COM,purchase,synthetic_2026_01.csv,Uber,transport
1,2026-01-27,-1450.0,USD,GREENLINE APTS RENT 0127,purchase,synthetic_2026_01.csv,Greenline Apartments,rent
1,2026-01-27,-41.89,USD,TRADER JOES #23976 QPS CHICAGO,purchase,synthetic_2026_01.csv,Trader Joe's,groceries
1,2026-01-28,-11.27,USD,TST* CHIPOTLE - SEATTLE,purchase,synthetic_2026_01.csv,Chipotle,dining
1,2026-01-30,-36.12,USD,AMC ONLINE 8VANWZFJF,purchase,synthetic_2026_01.csv,AMC Theatres,entertainment
1,2026-01-30,-24.99,USD,PLANET FIT #80066 PORTLAND OR,purchase,synthetic_2026_01.csv,Planet Fitness,health
1,2026-01-30,-11.78,USD,UBER TRIP HELP.UBER.COM,purchase,synthetic_2026_01.csv,Uber,transport
1,2026-01-31,-5.64,USD,SQ *BLUE BOTTLE SEATTLE WA,purchase,synthetic_2026_01.csv,Blue Bottle Coffee,coffee
1,2026-01-31,-16.39,USD,CHIPOTLE 5732 SEATTLE WA,purchase,synthetic_2026_01.csv,Chipotle,dining
1,2026-01-31,-53.02,USD,SHELL OIL 00039592 BOSTON MA,purchase,synthetic_2026_01.csv,Shell,transport
1,2026-01-31,-70.05,USD,TRADER JOE'S #50965 PORTLAND OR,purchase,synthetic_2026_01.csv,Trader Joe's,groceries
1,2026-02-01,-77.41,USD,CVS/PHARMACY #03080 BOSTON,purchase,synthetic_2026_02.csv,CVS Pharmacy,health
1,2026-02-01,-20.56,USD,CHIPOTLE 52720 BOSTON MA,purchase,synthetic_2026_02.csv,Chipotle,dining
1,2026-02-02,2350.0,USD,ACME CORP DIRECT DEP PPD ID:8UC9ZJTGZ,income,synthetic_2026_02.csv,Acme Corp Payroll,income
1,2026-02-02,-31.13,USD,AMZN Mktp US*C538PNN6W,purchase,synthetic_2026_02.csv,Amazon,shopping
1,2026-02-02,-40.87,USD,SHELL OIL 00040814 CHICAGO IL,purchase,synthetic_2026_02.csv,Shell,transport
1,2026-02-02,-110.87,USD,WHOLE FOODS MKT AUSTIN TX 0202,purchase,synthetic_2026_02.csv,Whole Foods,groceries
1,2026-02-03,-26.95,USD,CVS/PHARMACY #86582 PORTLAND,purchase,synthetic_2026_02.csv,CVS Pharmacy,health
1,2026-02-03,-12.24,USD,CHIPOTLE 53636 DENVER CO,purchase,synthetic_2026_02.csv,Chipotle,dining
1,2026-02-04,-33.72,USD,UBER TRIP HELP.UBER.COM,purchase,synthetic_2026_02.csv,Uber,transport
1,2026-02-05,-14.19,USD,CHIPOTLE 24230 DENVER CO,purchase,synthetic_2026_02.csv,Chipotle,dining
1,2026-02-05,-48.95,USD,TRADER JOE'S #37219 BOSTON MA,purchase,synthetic_2026_02.csv,Trader Joe's,groceries
1,2026-02-06,-6.88,USD,SQ *BLUE BOTTLE BOSTON MA,purchase,synthetic_2026_02.csv,Blue Bottle Coffee,coffee
1,2026-02-06,-7.11,USD,SQ *BLUE BOTTLE COFFEE CHICAGO,purchase,synthetic_2026_02.csv,Blue Bottle Coffee,coffee
1,2026-02-06,-11.99,USD,SPOTIFY P0060132 NEW YORK NY,purchase,synthetic_2026_02.csv,Spotify,subscriptions
1,2026-02-06,-30.7,USD,UBER TRIP HELP.UBER.COM,purchase,synthetic_2026_02.csv,Uber,transport
1,2026-02-07,-2.98,USD,ATM FEE AUSTIN TX,fee,synthetic_2026_02.csv,Bank Fee,fees
1,2026-02-07,-11.04,USD,UBER TRIP HELP.UBER.COM,purchase,synthetic_2026_02.csv,Uber,transport
1,2026-02-08,-6.16,USD,SQ *BLUE BOTTLE SEATTLE WA,purchase,synthetic_2026_02.csv,Blue Bottle Coffee,coffee
1,2026-02-08,-6.52,USD,SQ *BLUE BOTTLE COFFEE BOSTON,purchase,synthetic_2026_02.csv,Blue Bottle Coffee,coffee
1,2026-02-09,-4.82,USD,SQ *BLUE BOTTLE COFFEE PORTLAND,purchase,synthetic_2026_02.csv,Blue Bottle Coffee,coffee
1,2026-02-09,-58.24,USD,CVS/PHARMACY #44542 CHICAGO,purchase,synthetic_2026_02.csv,CVS Pharmacy,health
1,2026-02-09,-11.75,USD,TST* CHIPOTLE - BOSTON,purchase,synthetic_2026_02.csv,Chipotle,dining
1,2026-02-10,-32.71,USD,WHOLEFDS DENVER #90457,purchase,synthetic_2026_02.csv,Whole Foods,groceries
1,2026-02-10,-33.63,USD,WHOLEFDS PORTLAND #08378,purchase,synthetic_2026_02.csv,Whole Foods,groceries
1,2026-02-11,-12.57,USD,AMAZON.COM*DEGV1XJBR AMZN.COM/BILL,purchase,synthetic_2026_02.csv,Amazon,shopping
1,2026-02-11,-81.29,USD,TRADER JOE'S #69995 BOSTON MA,purchase,synthetic_2026_02.csv,Trader Joe's,groceries
1,2026-02-12,-29.29,USD,AMC ONLINE GEN0R7KNR,purchase,synthetic_2026_02.csv,AMC Theatres,entertainment
1,2026-02-12,-176.66,USD,AMZN Mktp US*20Q8Q6Q3A,purchase,synthetic_2026_02.csv,Amazon,shopping
1,2026-02-13,-116.97,USD,TARGET T-2684 DENVER CO,purchase,synthetic_2026_02.csv,Target,shopping
1,2026-02-13,-113.82,USD,WHOLE FOODS MKT PORTLAND OR 0213,purchase,synthetic_2026_02.csv,Whole Foods,groceries
1,2026-02-15,-23.93,USD,CHIPOTLE 68559 SEATTLE WA,purchase,synthetic_2026_02.csv,Chipotle,dining
1,2026-02-15,-15.49,USD,NETFLIX.COM BOSTON MA,purchase,synthetic_2026_02.csv,Netflix,subscriptions
1,2026-02-15,-41.22,USD,SHELL SERVICE STATION #66676,purchase,synthetic_2026_02.csv,Shell,transport
1,2026-02-15,-33.53,USD,TRADER JOE'S #73417 BOSTON MA,purchase,synthetic_2026_02.csv,Trader Joe's,groceries
1,2026-02-15,-73.92,USD,TRADER JOE'S #70775 BOSTON MA,purchase,synthetic_2026_02.csv,Trader Joe's,groceries
1,2026-02-15,-109.37,USD,WHOLE FOODS MKT CHICAGO IL 0215,purchase,synthetic_2026_02.csv,Whole Foods,groceries
1,2026-02-16,2350.0,USD,ACME CORP DIRECT DEP PPD ID:EXB3H5TQJ,income,synthetic_2026_02.csv,Acme Corp Payroll,income
1,2026-02-16,-33.38,USD,UBER *TRIP 0216,purchase,synthetic_2026_02.csv,Uber,transport
1,2026-02-17,-87.63,USD,AMAZON.COM*BAAQSUNBR AMZN.COM/BILL,purchase,synthetic_2026_02.csv,Amazon,shopping
1,2026-02-17,-8.33,USD,SQ *BLUE BOTTLE CHICAGO IL,purchase,synthetic_2026_02.csv,Blue Bottle Coffee,coffee
1,2026-02-17,-5.84,USD,SQ *BLUE BOTTLE AUSTIN TX,purchase,synthetic_2026_02.csv,Blue Bottle Coffee,coffee
1,2026-02-18,-103.82,USD,AMZN Mktp US*2FFG7RW40,purchase,synthetic_2026_02.csv,Amazon,shopping
1,2026-02-18,-145.3,USD,AMZN Mktp US*F48HFBE9C,purchase,synthetic_2026_02.csv,Amazon,shopping
1,2026-02-19,-9.1,USD,SQ *BLUE BOTTLE COFFEE CHICAGO,purchase,synthetic_2026_02.csv,Blue Bottle Coffee,coffee
1,2026-02-19,-28.23,USD,SHELL OIL 00009813 PORTLAND OR,purchase,synthetic_2026_02.csv,Shell,transport
1,2026-02-19,-9.35,USD,UBER TRIP HELP.UBER.COM,purchase,synthetic_2026_02.csv,Uber,transport
1,2026-02-20,-5.48,USD,SQ *BLUE BOTTLE COFFEE BOSTON,purchase,synthetic_2026_02.csv,Blue Bottle Coffee,coffee
1,2026-02-20,-27.65,USD,TRADER JOES #87554 QPS PORTLAND,purchase,synthetic_2026_02.csv,Trader Joe's,groceries
1,2026-02-20,-87.8,USD,TRADER JOE'S #81170 PORTLAND OR,purchase,synthetic_2026_02.csv,Trader Joe's,groceries
1,2026-02-21,-8.55,USD,SQ *BLUE BOTTLE COFFEE PORTLAND,purchase,synthetic_2026_02.csv,Blue Bottle Coffee,coffee
1,2026-02-21,-400.0,USD,ONLINE TRANSFER TO SAV JQXUQTNFK,transfer,synthetic_2026_02.csv,Savings Transfer,transfer
1,2026-02-21,-74.51,USD,TARGET.COM * UCJ9Y69GD,purchase,synthetic_2026_02.csv,Target,shopping
1,2026-02-21,-136.12,USD,TARGET.COM * 7RF3A40VC,purchase,synthetic_2026_02.csv,Target,shopping
1,2026-02-22,-105.38,USD,AMAZON.COM*D1VY1XP88 AMZN.COM/BILL,purchase,synthetic_2026_02.csv,Amazon,shopping
1,2026-02-22,-53.79,USD,AMAZON.COM*GF9CDC1X5 AMZN.COM/BILL,purchase,synthetic_2026_02.csv,Amazon,shopping
1,2026-02-22,-126.73,USD,TARGET.COM * PUKBX7G9W,purchase,synthetic_2026_02.csv,Target,shopping
1,2026-02-22,-61.47,USD,TRADER JOES #89539 QPS PORTLAND,purchase,synthetic_2026_02.csv,Trader Joe's,groceries
1,2026-02-22,-40.48,USD,WHOLE FOODS MKT PORTLAND OR 0222,purchase,synthetic_2026_02.csv,Whole Foods,groceries
1,2026-02-23,-6.24,USD,SQ *BLUE BOTTLE COFFEE CHICAGO,purchase,synthetic_2026_02.csv,Blue Bottle Coffee,coffee
1,2026-02-23,-4.59,USD,SQ *BLUE BOTTLE DENVER CO,purchase,synthetic_2026_02.csv,Blue Bottle Coffee,coffee
1,2026-02-23,-79.0,USD,COMCAST CABLE COMM CHICAGO,purchase,synthetic_2026_02.csv,Comcast,utilities
1,2026-02-24,-22.99,USD,ADOBE INC. 408-536-6000 CA,purchase,synthetic_2026_02.csv,Adobe,subscriptions
1,2026-02-24,-12.74,USD,CHIPOTLE 95715 BOSTON MA,purchase,synthetic_2026_02.csv,Chipotle,dining
1,2026-02-25,-6.38,USD,SQ *BLUE BOTTLE COFFEE CHICAGO,purchase,synthetic_2026_02.csv,Blue Bottle Coffee,coffee
1,2026-02-25,-64.91,USD,TRADER JOE'S #24743 CHICAGO IL,purchase,synthetic_2026_02.csv,Trader Joe's,groceries
1,2026-02-25,-18.92,USD,UBER TRIP HELP.UBER.COM,purchase,synthetic_2026_02.csv,Uber,transport
1,2026-02-26,-21.28,USD,CVS/PHARMACY #33423 CHICAGO,purchase,synthetic_2026_02.csv,CVS Pharmacy,health
1,2026-02-26,-23.46,USD,TST* CHIPOTLE - AUSTIN,purchase,synthetic_2026_02.csv,Chipotle,dining
1,2026-02-27,-1450.0,USD,GREENLINE APTS RENT 0227,purchase,synthetic_2026_02.csv,Greenline Apartments,rent
1,2026-02-28,-7.38,USD,SQ *BLUE BOTTLE COFFEE SEATTLE,purchase,synthetic_2026_02.csv,Blue Bottle Coffee,coffee
1,2026-02-28,-9.27,USD,SQ *BLUE BOTTLE CHICAGO IL,purchase,synthetic_2026_02.csv,Blue Bottle Coffee,coffee
1,2026-03-01,-6.84,USD,SQ *BLUE BOTTLE SEATTLE WA,purchase,synthetic_2026_03.csv,Blue Bottle Coffee,coffee
1,2026-03-01,-24.99,USD,PLANET FIT #67502 BOSTON MA,purchase,synthetic_2026_03.csv,Planet Fitness,health
1,2026-03-01,-7.69,USD,UBER TRIP HELP.UBER.COM,purchase,synthetic_2026_03.csv,Uber,transport
1,2026-03-02,2350.0,USD,ACME CORP DIRECT DEP PPD ID:LQGBRLQYS,income,synthetic_2026_03.csv,Acme Corp Payroll,income
1,2026-03-02,-81.92,USD,AMAZON.COM*ZJJA6R538 AMZN.COM/BILL,purchase,synthetic_2026_03.csv,Amazon,shopping
1,2026-03-02,-14.07,USD,CVS 08416 CHICAGO IL,purchase,synthetic_2026_03.csv,CVS Pharmacy,health
1,2026-03-02,-35.18,USD,UBER *TRIP 0302,purchase,synthetic_2026_03.csv,Uber,transport
1,2026-03-02,-63.77,USD,WHOLEFDS SEATTLE #29356,purchase,synthetic_2026_03.csv,Whole Foods,groceries
1,2026-03-03,-35.14,USD,AMAZON.COM*7MS2KABVF AMZN.COM/BILL,purchase,synthetic_2026_03.csv,Amazon,shopping
1,2026-03-03,-21.92,USD,TST* CHIPOTLE - CHICAGO,purchase,synthetic_2026_03.csv,Chipotle,dining
1,2026-03-03,-18.54,USD,TRADER JOE'S #13397 CHICAGO IL,purchase,synthetic_2026_03.csv,Trader Joe's,groceries
1,2026-03-05,-148.02,USD,AMZN Mktp US*33BGBS0P8,purchase,synthetic_2026_03.csv,Amazon,shopping
1,2026-03-06,-79.51,USD,TRADER JOE'S #45200 BOSTON MA,purchase,synthetic_2026_03.csv,Trader Joe's,groceries
1,2026-03-07,-8.27,USD,SQ *BLUE BOTTLE COFFEE PORTLAND,purchase,synthetic_2026_03.csv,Blue Bottle Coffee,coffee
1,2026-03-07,-42.69,USD,CVS 28844 DENVER CO,purchase,synthetic_2026_03.csv,CVS Pharmacy,health
1,2026-03-08,-24.01,USD,AMAZON.COM*TTY2XTLS2 AMZN.COM/BILL,purchase,synthetic_2026_03.csv,Amazon,shopping
1,2026-03-08,-22.86,USD,TST* CHIPOTLE - DENVER,purchase,synthetic_2026_03.csv,Chipotle,dining
1,2026-03-08,-22.01,USD,TST* CHIPOTLE - PORTLAND,purchase,synthetic_2026_03.csv,Chipotle,dining
1,2026-03-08,-35.51,USD,TRADER JOE'S #87097 DENVER CO,purchase,synthetic_2026_03.csv,Trader Joe's,groceries
1,2026-03-08,-72.49,USD,TRADER JOES #23164 QPS BOSTON,purchase,synthetic_2026_03.csv,Trader Joe's,groceries
1,2026-03-08,-81.93,USD,TRADER JOE'S #34339 DENVER CO,purchase,synthetic_2026_03.csv,Trader Joe's,groceries
1,2026-03-09,-7.25,USD,SQ *BLUE BOTTLE PORTLAND OR,purchase,synthetic_2026_03.csv,Blue Bottle Coffee,coffee
1,2026-03-09,-11.99,USD,SPOTIFY P0086848 NEW YORK NY,purchase,synthetic_2026_03.csv,Spotify,subscriptions
1,2026-03-09,-18.14,USD,TARGET T-29135 CHICAGO IL,purchase,synthetic_2026_03.csv,Target,shopping
1,2026-03-10,-9.19,USD,SQ *BLUE BOTTLE BOSTON MA,purchase,synthetic_2026_03.csv,Blue Bottle Coffee,coffee
1,2026-03-10,-23.5,USD,UBER TRIP HELP.UBER.COM,purchase,synthetic_2026_03.csv,Uber,transport
1,2026-03-11,-158.92,USD,AMZN Mktp US*2NXAHDYYN,purchase,synthetic_2026_03.csv,Amazon,shopping
1,2026-03-11,-5.35,USD,SQ *BLUE BOTTLE BOSTON MA,purchase,synthetic_2026_03.csv,Blue Bottle Coffee,coffee
1,2026-03-11,-74.96,USD,CVS/PHARMACY #66113 CHICAGO,purchase,synthetic_2026_03.csv,CVS Pharmacy,health
1,2026-03-11,-40.46,USD,SHELL SERVICE STATION #54600,purchase,synthetic_2026_03.csv,Shell,transport
1,2026-03-11,-59.25,USD,TRADER JOES #19583 QPS DENVER,purchase,synthetic_2026_03.csv,Trader Joe's,groceries
1,2026-03-12,-37.69,USD,AMC #40144 SEATTLE WA,purchase,synthetic_2026_03.csv,AMC Theatres,entertainment
1,2026-03-12,-104.97,USD,WHOLE FOODS MKT DENVER CO 0312,purchase,synthetic_2026_03.csv,Whole Foods,groceries
1,2026-03-13,-26.0,USD,UBER TRIP HELP.UBER.COM,purchase,synthetic_2026_03.csv,Uber,transport
1,2026-03-14,-8.71,USD,SQ *BLUE BOTTLE DENVER CO,purchase,synthetic_2026_03.csv,Blue Bottle Coffee,coffee
1,2026-03-14,-468.29,USD,DELTA AIR U45MU8F11 ATLANTA GA,purchase,synthetic_2026_03.csv,Delta Air Lines,travel
1,2026-03-14,-16.18,USD,UBER *TRIP 0314,purchase,synthetic_2026_03.csv,Uber,transport
1,2026-03-15,2350.0,USD,ACME CORP DIRECT DEP PPD ID:P3DMA418E,income,synthetic_2026_03.csv,Acme Corp Payroll,income
1,2026-03-15,-9.0,USD,SQ *BLUE BOTTLE BOSTON MA,purchase,synthetic_2026_03.csv,Blue Bottle Coffee,coffee
1,2026-03-15,-19.52,USD,CHIPOTLE 34183 CHICAGO IL,purchase,synthetic_2026_03.csv,Chipotle,dining
1,2026-03-16,-46.65,USD,AMAZON.COM*G6TEM6WYM AMZN.COM/BILL,purchase,synthetic_2026_03.csv,Amazon,shopping
1,2026-03-16,-4.46,USD,SQ *BLUE BOTTLE CHICAGO IL,purchase,synthetic_2026_03.csv,Blue Bottle Coffee,coffee
1,2026-03-16,-87.53,USD,TRADER JOE'S #4310 SEATTLE WA,purchase,synthetic_2026_03.csv,Trader Joe's,groceries
1,2026-03-17,-7.16,USD,SQ *BLUE BOTTLE CHICAGO IL,purchase,synthetic_2026_03.csv,Blue Bottle Coffee,coffee
1,2026-03-17,-9.64,USD,SQ *BLUE BOTTLE COFFEE AUSTIN,purchase,synthetic_2026_03.csv,Blue Bottle Coffee,coffee
1,2026-03-17,-15.49,USD,NETFLIX *MONTHLY,purchase,synthetic_2026_03.csv,Netflix,subscriptions
1,2026-03-18,-91.25,USD,TRADER JOES #38030 QPS CHICAGO,purchase,synthetic_2026_03.csv,Trader Joe's,groceries
1,2026-03-20,-9.09,USD,SQ *BLUE BOTTLE COFFEE SEATTLE,purchase,synthetic_2026_03.csv,Blue Bottle Coffee,coffee
1,2026-03-20,-7.66,USD,SQ *BLUE BOTTLE SEATTLE WA,purchase,synthetic_2026_03.csv,Blue Bottle Coffee,coffee
1,2026-03-20,-8.93,USD,SQ *BLUE BOTTLE COFFEE SEATTLE,purchase,synthetic_2026_03.csv,Blue Bottle Coffee,coffee
1,2026-03-20,-81.75,USD,TRADER JOE'S #29051 CHICAGO IL,purchase,synthetic_2026_03.csv,Trader Joe's,groceries
1,2026-03-21,-24.45,USD,TST* CHIPOTLE - DENVER,purchase,synthetic_2026_03.csv,Chipotle,dining
1,2026-03-22,-27.21,USD,AMC #35791 DENVER CO,purchase,synthetic_2026_03.csv,AMC Theatres,entertainment
1,2026-03-23,-4.41,USD,SQ *BLUE BOTTLE SEATTLE WA,purchase,synthetic_2026_03.csv,Blue Bottle Coffee,coffee
1,2026-03-23,-400.0,USD,ONLINE TRANSFER TO SAV PDS34NGES,transfer,synthetic_2026_03.csv,Savings Transfer,transfer
1,2026-03-24,-39.82,USD,UBER TRIP HELP.UBER.COM,purchase,synthetic_2026_03.csv,Uber,transport
1,2026-03-24,-17.22,USD,UBER TRIP HELP.UBER.COM,purchase,synthetic_2026_03.csv,Uber,transport
1,2026-03-24,-65.34,USD,WHOLEFDS SEATTLE #87834,purchase,synthetic_2026_03.csv,Whole Foods,groceries
1,2026-03-25,-5.48,USD,SQ *BLUE BOTTLE AUSTIN TX,purchase,synthetic_2026_03.csv,Blue Bottle Coffee,coffee
1,2026-03-25,-79.0,USD,COMCAST CABLE COMM AUSTIN,purchase,synthetic_2026_03.csv,Comcast,utilities
1,2026-03-26,-22.99,USD,ADOBE INC. 408-536-6000 CA,purchase,synthetic_2026_03.csv,Adobe,subscriptions
1,2026-03-26,-15.61,USD,CVS 36546 SEATTLE WA,purchase,synthetic_2026_03.csv,CVS Pharmacy,health
1,2026-03-26,-83.14,USD,TARGET T-36391 AUSTIN TX,purchase,synthetic_2026_03.csv,Target,shopping
1,2026-03-26,-79.91,USD,TRADER JOE'S #28715 SEATTLE WA,purchase,synthetic_2026_03.csv,Trader Joe's,groceries
1,2026-03-27,-135.21,USD,AMZN Mktp US*EHKQDUN0L,purchase,synthetic_2026_03.csv,Amazon,shopping
1,2026-03-28,-62.82,USD,AMAZON.COM*39N6WE07V AMZN.COM/BILL,purchase,synthetic_2026_03.csv,Amazon,shopping
1,2026-03-28,-31.99,USD,SHELL OIL 00069547 CHICAGO IL,purchase,synthetic_2026_03.csv,Shell,transport
1,2026-03-28,-19.23,USD,UBER TRIP HELP.UBER.COM,purchase,synthetic_2026_03.csv,Uber,transport
1,2026-03-29,2350.0,USD,ACME CORP DIRECT DEP PPD ID:U88R5W41K,income,synthetic_2026_03.csv,Acme Corp Payroll,income
1,2026-03-30,-20.73,USD,CHIPOTLE 34755 CHICAGO IL,purchase,synthetic_2026_03.csv,Chipotle,dining
1,2026-03-30,-1450.0,USD,GREENLINE APTS RENT 0330,purchase,synthetic_2026_03.csv,Greenline Apartments,rent
1,2026-03-30,-111.89,USD,TARGET.COM * DMB7FR8F3,purchase,synthetic_2026_03.csv,Target,shopping
1,2026-03-31,-21.63,USD,CHIPOTLE 56187 SEATTLE WA,purchase,synthetic_2026_03.csv,Chipotle,dining
1,2026-03-31,-24.99,USD,PLANET FIT #42216 DENVER CO,purchase,synthetic_2026_03.csv,Planet Fitness,health
1,2026-04-01,-77.52,USD,TARGET T-53107 DENVER CO,purchase,synthetic_2026_04.csv,Target,shopping
1,2026-04-02,-8.6,USD,SQ *BLUE BOTTLE COFFEE SEATTLE,purchase,synthetic_2026_04.csv,Blue Bottle Coffee,coffee
1,2026-04-02,-160.33,USD,MARRIOTT CHICAGO IL,purchase,synthetic_2026_04.csv,Marriott,travel
1,2026-04-02,-76.2,USD,TRADER JOE'S #41533 CHICAGO IL,purchase,synthetic_2026_04.csv,Trader Joe's,groceries
1,2026-04-04,-41.13,USD,AMAZON.COM*ERPXNN3G9 AMZN.COM/BILL,purchase,synthetic_2026_04.csv,Amazon,shopping
1,2026-04-04,-25.7,USD,CVS/PHARMACY #52471 SEATTLE,purchase,synthetic_2026_04.csv,CVS Pharmacy,health
1,2026-04-06,-127.13,USD,WHOLEFDS AUSTIN #73999,purchase,synthetic_2026_04.csv,Whole Foods,groceries
1,2026-04-07,-185.49,USD,AMAZON.COM*4QGH0D7DJ AMZN.COM/BILL,purchase,synthetic_2026_04.csv,Amazon,shopping
1,2026-04-07,-6.36,USD,SQ *BLUE BOTTLE PORTLAND OR,purchase,synthetic_2026_04.csv,Blue Bottle Coffee,coffee
1,2026-04-07,-75.23,USD,WHOLE FOODS MKT CHICAGO IL 0407,purchase,synthetic_2026_04.csv,Whole Foods,groceries
1,2026-04-08,-11.99,USD,SPOTIFY P0062700 NEW YORK NY,purchase,synthetic_2026_04.csv,Spotify,subscriptions
1,2026-04-09,-203.49,USD,MARRIOTT BOSTON MA,purchase,synthetic_2026_04.csv,Marriott,travel
1,2026-04-09,-38.16,USD,SHELL OIL 00089868 CHICAGO IL,purchase,synthetic_2026_04.csv,Shell,transport
1,2026-04-10,-9.54,USD,SQ *BLUE BOTTLE COFFEE SEATTLE,purchase,synthetic_2026_04.csv,Blue Bottle Coffee,coffee
1,2026-04-10,-15.51,USD,CHIPOTLE 49829 PORTLAND OR,purchase,synthetic_2026_04.csv,Chipotle,dining
1,2026-04-11,-15.83,USD,CHIPOTLE 50019 PORTLAND OR,purchase,synthetic_2026_04.csv,Chipotle,dining
1,2026-04-11,-39.43,USD,UBER TRIP HELP.UBER.COM,purchase,synthetic_2026_04.csv,Uber,transport
1,2026-04-11,-20.67,USD,UBER *TRIP 0411,purchase,synthetic_2026_04.csv,Uber,transport
1,2026-04-12,-190.64,USD,DELTA AIR LINES 0412,purchase,synthetic_2026_04.csv,Delta Air Lines,travel
1,2026-04-13,2350.0,USD,ACME CORP DIRECT DEP PPD ID:0R8N5PYNF,income,synthetic_2026_04.csv,Acme Corp Payroll,income
1,2026-04-13,-12.75,USD,CHIPOTLE 88668 BOSTON MA,purchase,synthetic_2026_04.csv,Chipotle,dining
1,2026-04-13,-29.47,USD,UBER TRIP HELP.UBER.COM,purchase,synthetic_2026_04.csv,Uber,transport
1,2026-04-14,-7.58,USD,SQ *BLUE BOTTLE DENVER CO,purchase,synthetic_2026_04.csv,Blue Bottle Coffee,coffee
1,2026-04-14,-9.65,USD,SQ *BLUE BOTTLE COFFEE BOSTON,purchase,synthetic_2026_04.csv,Blue Bottle Coffee,coffee
1,2026-04-14,-9.0,USD,SQ *BLUE BOTTLE COFFEE AUSTIN,purchase,synthetic_2026_04.csv,Blue Bottle Coffee,coffee
1,2026-04-16,-100.29,USD,AMZN Mktp US*BGVTVPPRG,purchase,synthetic_2026_04.csv,Amazon,shopping
1,2026-04-16,-595.3,USD,DELTA AIR LINES 0416,purchase,synthetic_2026_04.csv,Delta Air Lines,travel
1,2026-04-16,-15.49,USD,NETFLIX *MONTHLY,purchase,synthetic_2026_04.csv,Netflix,subscriptions
1,2026-04-16,-47.22,USD,SHELL SERVICE STATION #41040,purchase,synthetic_2026_04.csv,Shell,transport
1,2026-04-16,-112.02,USD,WHOLEFDS BOSTON #48193,purchase,synthetic_2026_04.csv,Whole Foods,groceries
1,2026-04-17,-5.76,USD,SQ *BLUE BOTTLE COFFEE BOSTON,purchase,synthetic_2026_04.csv,Blue Bottle Coffee,coffee
1,2026-04-17,-14.21,USD,TST* CHIPOTLE - PORTLAND,purchase,synthetic_2026_04.csv,Chipotle,dining
1,2026-04-17,-23.19,USD,TST* CHIPOTLE - SEATTLE,purchase,synthetic_2026_04.csv,Chipotle,dining
1,2026-04-17,-27.25,USD,TRADER JOES #20980 QPS CHICAGO,purchase,synthetic_2026_04.csv,Trader Joe's,groceries
1,2026-04-18,-6.27,USD,SQ *BLUE BOTTLE AUSTIN TX,purchase,synthetic_2026_04.csv,Blue Bottle Coffee,coffee
1,2026-04-18,-571.81,USD,DELTA AIR V41AW3FFA ATLANTA GA,purchase,synthetic_2026_04.csv,Delta Air Lines,travel
1,2026-04-20,-22.77,USD,CVS 52796 CHICAGO IL,purchase,synthetic_2026_04.csv,CVS Pharmacy,health
1,2026-04-20,-312.88,USD,MARRIOTT HTL 67794 BOSTON,purchase,synthetic_2026_04.csv,Marriott,travel
1,2026-04-20,-11.12,USD,UBER TRIP HELP.UBER.COM,purchase,synthetic_2026_04.csv,Uber,transport
1,2026-04-21,-122.74,USD,AMZN Mktp US*YLU4KK7ZN,purchase,synthetic_2026_04.csv,Amazon,shopping
1,2026-04-21,-163.67,USD,AMZN Mktp US*TVA8RK9GW,purchase,synthetic_2026_04.csv,Amazon,shopping
1,2026-04-21,-5.75,USD,SQ *BLUE BOTTLE COFFEE PORTLAND,purchase,synthetic_2026_04.csv,Blue Bottle Coffee,coffee
1,2026-04-21,-400.0,USD,ONLINE TRANSFER TO SAV L3AKR1WV1,transfer,synthetic_2026_04.csv,Savings Transfer,transfer
1,2026-04-22,-155.07,USD,MARRIOTT CHICAGO IL,purchase,synthetic_2026_04.csv,Marriott,travel
1,2026-04-22,-61.14,USD,TRADER JOES #19672 QPS DENVER,purchase,synthetic_2026_04.csv,Trader Joe's,groceries
1,2026-04-23,-18.49,USD,AMC #58015 DENVER CO,purchase,synthetic_2026_04.csv,AMC Theatres,entertainment
1,2026-04-23,-125.81,USD,AMAZON.COM*SA3V76PX0 AMZN.COM/BILL,purchase,synthetic_2026_04.csv,Amazon,shopping
1,2026-04-23,-9.53,USD,SQ *BLUE BOTTLE SEATTLE WA,purchase,synthetic_2026_04.csv,Blue Bottle Coffee,coffee
1,2026-04-23,-13.99,USD,TST* CHIPOTLE - SEATTLE,purchase,synthetic_2026_04.csv,Chipotle,dining
1,2026-04-23,-217.08,USD,MARRIOTT HTL 41844 PORTLAND,purchase,synthetic_2026_04.csv,Marriott,travel
1,2026-04-23,-22.7,USD,TRADER JOES #59489 QPS CHICAGO,purchase,synthetic_2026_04.csv,Trader Joe's,groceries
1,2026-04-24,-5.42,USD,SQ *BLUE BOTTLE COFFEE PORTLAND,purchase,synthetic_2026_04.csv,Blue Bottle Coffee,coffee
1,2026-04-24,-8.66,USD,SQ *BLUE BOTTLE CHICAGO IL,purchase,synthetic_2026_04.csv,Blue Bottle Coffee,coffee
1,2026-04-24,-43.9,USD,TRADER JOE'S #6825 DENVER CO,purchase,synthetic_2026_04.csv,Trader Joe's,groceries
1,2026-04-25,-22.99,USD,ADOBE *CREATIVE CLD,purchase,synthetic_2026_04.csv,Adobe,subscriptions
1,2026-04-25,-2.75,USD,ATM FEE CHICAGO IL,fee,synthetic_2026_04.csv,Bank Fee,fees
1,2026-04-25,-79.0,USD,COMCAST *XFINITY 0425,purchase,synthetic_2026_04.csv,Comcast,utilities
1,2026-04-25,-56.04,USD,TRADER JOE'S #79545 CHICAGO IL,purchase,synthetic_2026_04.csv,Trader Joe's,groceries
1,2026-04-26,-211.82,USD,DELTA AIR LINES 0426,purchase,synthetic_2026_04.csv,Delta Air Lines,travel
1,2026-04-27,-139.32,USD,TARGET T-44147 SEATTLE WA,purchase,synthetic_2026_04.csv,Target,shopping
1,2026-04-28,2350.0,USD,ACME CORP DIRECT DEP PPD ID:88CGU3B11,income,synthetic_2026_04.csv,Acme Corp Payroll,income
1,2026-04-28,-6.02,USD,SQ *BLUE BOTTLE COFFEE SEATTLE,purchase,synthetic_2026_04.csv,Blue Bottle Coffee,coffee
1,2026-04-28,-1450.0,USD,GREENLINE APTS RENT 0428,purchase,synthetic_2026_04.csv,Greenline Apartments,rent
1,2026-04-28,-45.05,USD,SHELL OIL 00087007 DENVER CO,purchase,synthetic_2026_04.csv,Shell,transport
1,2026-04-28,-8.26,USD,UBER TRIP HELP.UBER.COM,purchase,synthetic_2026_04.csv,Uber,transport
1,2026-04-29,-160.69,USD,AMZN Mktp US*RTGBDJV3K,purchase,synthetic_2026_04.csv,Amazon,shopping
1,2026-04-29,-9.49,USD,SQ *BLUE BOTTLE PORTLAND OR,purchase,synthetic_2026_04.csv,Blue Bottle Coffee,coffee
1,2026-04-29,-17.89,USD,TST* CHIPOTLE - PORTLAND,purchase,synthetic_2026_04.csv,Chipotle,dining
1,2026-04-29,-14.26,USD,TST* CHIPOTLE - SEATTLE,purchase,synthetic_2026_04.csv,Chipotle,dining
1,2026-04-29,-18.95,USD,UBER TRIP HELP.UBER.COM,purchase,synthetic_2026_04.csv,Uber,transport
1,2026-04-29,-24.11,USD,WHOLEFDS PORTLAND #67178,purchase,synthetic_2026_04.csv,Whole Foods,groceries
1,2026-04-30,-35.86,USD,AMAZON.COM*YEY8R9T3G AMZN.COM/BILL,purchase,synthetic_2026_04.csv,Amazon,shopping
1,2026-04-30,-377.28,USD,DELTA AIR RE9T2G5S3 ATLANTA GA,purchase,synthetic_2026_04.csv,Delta Air Lines,travel
1,2026-04-30,-24.99,USD,PLANET FIT #17612 CHICAGO IL,purchase,synthetic_2026_04.csv,Planet Fitness,health
1,2026-05-02,-82.03,USD,AMZN Mktp US*5ZRQ4M0M0,purchase,synthetic_2026_05.csv,Amazon,shopping
1,2026-05-03,-46.76,USD,CVS/PHARMACY #51456 PORTLAND,purchase,synthetic_2026_05.csv,CVS Pharmacy,health
1,2026-05-03,-15.33,USD,CHIPOTLE 33176 DENVER CO,purchase,synthetic_2026_05.csv,Chipotle,dining
1,2026-05-03,-31.56,USD,UBER TRIP HELP.UBER.COM,purchase,synthetic_2026_05.csv,Uber,transport
1,2026-05-04,-5.93,USD,SQ *BLUE BOTTLE PORTLAND OR,purchase,synthetic_2026_05.csv,Blue Bottle Coffee,coffee
1,2026-05-04,-8.55,USD,CVS/PHARMACY #19648 DENVER,purchase,synthetic_2026_05.csv,CVS Pharmacy,health
1,2026-05-05,-188.52,USD,AMAZON.COM*DK3NHTSN4 AMZN.COM/BILL,purchase,synthetic_2026_05.csv,Amazon,shopping
1,2026-05-05,-74.5,USD,TARGET T-32922 DENVER CO,purchase,synthetic_2026_05.csv,Target,shopping
1,2026-05-06,-73.86,USD,CVS 09258 PORTLAND OR,purchase,synthetic_2026_05.csv,CVS Pharmacy,health
1,2026-05-06,-46.27,USD,SHELL OIL 00016117 CHICAGO IL,purchase,synthetic_2026_05.csv,Shell,transport
1,2026-05-06,-36.56,USD,WHOLE FOODS MKT CHICAGO IL 0506,purchase,synthetic_2026_05.csv,Whole Foods,groceries
1,2026-05-07,-128.08,USD,AMZN Mktp US*VUR1SARWU,purchase,synthetic_2026_05.csv,Amazon,shopping
1,2026-05-07,-6.69,USD,SQ *BLUE BOTTLE COFFEE AUSTIN,purchase,synthetic_2026_05.csv,Blue Bottle Coffee,coffee
1,2026-05-07,-7.83,USD,SQ *BLUE BOTTLE PORTLAND OR,purchase,synthetic_2026_05.csv,Blue Bottle Coffee,coffee
1,2026-05-08,79.56,USD,AMZN Mktp US*J1KLRT46R REFUND,refund,synthetic_2026_05.csv,Amazon,shopping
1,2026-05-08,-4.86,USD,SQ *BLUE BOTTLE COFFEE CHICAGO,purchase,synthetic_2026_05.csv,Blue Bottle Coffee,coffee
1,2026-05-08,-5.13,USD,SQ *BLUE BOTTLE SEATTLE WA,purchase,synthetic_2026_05.csv,Blue Bottle Coffee,coffee
1,2026-05-08,-5.57,USD,SQ *BLUE BOTTLE COFFEE PORTLAND,purchase,synthetic_2026_05.csv,Blue Bottle Coffee,coffee
1,2026-05-08,-22.83,USD,TST* CHIPOTLE - CHICAGO,purchase,synthetic_2026_05.csv,Chipotle,dining
1,2026-05-08,-11.99,USD,PAYPAL *SPOTIFY USA,purchase,synthetic_2026_05.csv,Spotify,subscriptions
1,2026-05-09,-15.36,USD,TST* CHIPOTLE - CHICAGO,purchase,synthetic_2026_05.csv,Chipotle,dining
1,2026-05-10,-73.81,USD,TRADER JOE'S #81434 SEATTLE WA,purchase,synthetic_2026_05.csv,Trader Joe's,groceries
1,2026-05-10,-32.74,USD,UBER TRIP HELP.UBER.COM,purchase,synthetic_2026_05.csv,Uber,transport
1,2026-05-11,-7.73,USD,SQ *BLUE BOTTLE COFFEE BOSTON,purchase,synthetic_2026_05.csv,Blue Bottle Coffee,coffee
1,2026-05-12,-8.34,USD,UBER *TRIP 0512,purchase,synthetic_2026_05.csv,Uber,transport
1,2026-05-13,-30.77,USD,AMC #21615 PORTLAND OR,purchase,synthetic_2026_05.csv,AMC Theatres,entertainment
1,2026-05-13,2350.0,USD,ACME CORP DIRECT DEP PPD ID:2GMZHNV36,income,synthetic_2026_05.csv,Acme Corp Payroll,income
1,2026-05-15,-9.41,USD,SQ *BLUE BOTTLE SEATTLE WA,purchase,synthetic_2026_05.csv,Blue Bottle Coffee,coffee
1,2026-05-15,-15.49,USD,NETFLIX *MONTHLY,purchase,synthetic_2026_05.csv,Netflix,subscriptions
1,2026-05-16,-5.75,USD,SQ *BLUE BOTTLE COFFEE SEATTLE,purchase,synthetic_2026_05.csv,Blue Bottle Coffee,coffee
1,2026-05-17,-106.87,USD,AMZN Mktp US*CPTYDMR1G,purchase,synthetic_2026_05.csv,Amazon,shopping
1,2026-05-17,-8.0,USD,SQ *BLUE BOTTLE CHICAGO IL,purchase,synthetic_2026_05.csv,Blue Bottle Coffee,coffee
1,2026-05-17,-84.82,USD,TRADER JOES #1887 QPS CHICAGO,purchase,synthetic_2026_05.csv,Trader Joe's,groceries
1,2026-05-17,-27.09,USD,TRADER JOE'S #1814 AUSTIN TX,purchase,synthetic_2026_05.csv,Trader Joe's,groceries
1,2026-05-18,-5.81,USD,SQ *BLUE BOTTLE AUSTIN TX,purchase,synthetic_2026_05.csv,Blue Bottle Coffee,coffee
1,2026-05-18,-20.66,USD,TRADER JOE'S #31290 SEATTLE WA,purchase,synthetic_2026_05.csv,Trader Joe's,groceries
1,2026-05-19,-22.73,USD,CHIPOTLE 2512 PORTLAND OR,purchase,synthetic_2026_05.csv,Chipotle,dining
1,2026-05-20,-400.0,USD,ONLINE TRANSFER TO SAV GWMF87HX9,transfer,synthetic_2026_05.csv,Savings Transfer,transfer
1,2026-05-20,-100.55,USD,WHOLEFDS PORTLAND #69542,purchase,synthetic_2026_05.csv,Whole Foods,groceries
1,2026-05-23,-89.97,USD,TRADER JOES #41344 QPS AUSTIN,purchase,synthetic_2026_05.csv,Trader Joe's,groceries
1,2026-05-24,-53.35,USD,SHELL SERVICE STATION #36249,purchase,synthetic_2026_05.csv,Shell,transport
1,2026-05-24,-29.81,USD,SHELL SERVICE STATION #10988,purchase,synthetic_2026_05.csv,Shell,transport
1,2026-05-25,-74.65,USD,TARGET T-9216 PORTLAND OR,purchase,synthetic_2026_05.csv,Target,shopping
1,2026-05-25,-20.16,USD,UBER TRIP HELP.UBER.COM,purchase,synthetic_2026_05.csv,Uber,transport
1,2026-05-26,-22.99,USD,ADOBE *CREATIVE CLD,purchase,synthetic_2026_05.csv,Adobe,subscriptions
1,2026-05-26,-79.0,USD,COMCAST *XFINITY 0526,purchase,synthetic_2026_05.csv,Comcast,utilities
1,2026-05-26,-10.76,USD,UBER *TRIP 0526,purchase,synthetic_2026_05.csv,Uber,transport
1,2026-05-26,-24.57,USD,UBER *TRIP 0526,purchase,synthetic_2026_05.csv,Uber,transport
1,2026-05-27,-1450.0,USD,GREENLINE APTS RENT 0527,purchase,synthetic_2026_05.csv,Greenline Apartments,rent
1,2026-05-27,-84.93,USD,WHOLEFDS CHICAGO #99500,purchase,synthetic_2026_05.csv,Whole Foods,groceries
1,2026-05-28,2350.0,USD,ACME CORP DIRECT DEP PPD ID:35H7MS2W8,income,synthetic_2026_05.csv,Acme Corp Payroll,income
1,2026-05-28,-89.09,USD,AMAZON.COM*H22N4JCJP AMZN.COM/BILL,purchase,synthetic_2026_05.csv,Amazon,shopping
1,2026-05-28,-471.91,USD,DELTA AIR LINES 0528,purchase,synthetic_2026_05.csv,Delta Air Lines,travel
1,2026-05-29,-24.99,USD,PLANET FIT #68316 DENVER CO,purchase,synthetic_2026_05.csv,Planet Fitness,health
1,2026-05-30,-13.76,USD,CHIPOTLE 13398 BOSTON MA,purchase,synthetic_2026_05.csv,Chipotle,dining
1,2026-05-30,-74.43,USD,TARGET T-97842 BOSTON MA,purchase,synthetic_2026_05.csv,Target,shopping
1,2026-05-30,-49.77,USD,TRADER JOE'S #96712 BOSTON MA,purchase,synthetic_2026_05.csv,Trader Joe's,groceries
1,2026-05-31,-6.55,USD,SQ *BLUE BOTTLE PORTLAND OR,purchase,synthetic_2026_05.csv,Blue Bottle Coffee,coffee
1,2026-05-31,-43.08,USD,SHELL OIL 00074650 CHICAGO IL,purchase,synthetic_2026_05.csv,Shell,transport
1,2026-05-31,-48.28,USD,TARGET T-39923 PORTLAND OR,purchase,synthetic_2026_05.csv,Target,shopping
1,2026-05-31,-63.02,USD,TRADER JOES #81938 QPS DENVER,purchase,synthetic_2026_05.csv,Trader Joe's,groceries
1,2026-05-31,-27.7,USD,UBER *TRIP 0531,purchase,synthetic_2026_05.csv,Uber,transport
1,2026-06-01,-87.96,USD,TRADER JOES #5648 QPS PORTLAND,purchase,synthetic_2026_06.csv,Trader Joe's,groceries
1,2026-06-02,-4.96,USD,SQ *BLUE BOTTLE COFFEE AUSTIN,purchase,synthetic_2026_06.csv,Blue Bottle Coffee,coffee
1,2026-06-02,-34.1,USD,CVS 32013 AUSTIN TX,purchase,synthetic_2026_06.csv,CVS Pharmacy,health
1,2026-06-03,-90.99,USD,AMZN Mktp US*5ZSAZT39F,purchase,synthetic_2026_06.csv,Amazon,shopping
1,2026-06-03,-8.95,USD,SQ *BLUE BOTTLE COFFEE AUSTIN,purchase,synthetic_2026_06.csv,Blue Bottle Coffee,coffee
1,2026-06-03,-12.19,USD,CVS 71171 PORTLAND OR,purchase,synthetic_2026_06.csv,CVS Pharmacy,health
1,2026-06-03,-57.43,USD,SHELL SERVICE STATION #86813,purchase,synthetic_2026_06.csv,Shell,transport
1,2026-06-03,-39.63,USD,TRADER JOE'S #34180 CHICAGO IL,purchase,synthetic_2026_06.csv,Trader Joe's,groceries
1,2026-06-04,-9.03,USD,SQ *BLUE BOTTLE COFFEE CHICAGO,purchase,synthetic_2026_06.csv,Blue Bottle Coffee,coffee
1,2026-06-04,-538.89,USD,DELTA AIR LINES 0604,purchase,synthetic_2026_06.csv,Delta Air Lines,travel
1,2026-06-05,-11.8,USD,UBER *TRIP 0605,purchase,synthetic_2026_06.csv,Uber,transport
1,2026-06-06,-13.84,USD,CHIPOTLE 60585 AUSTIN TX,purchase,synthetic_2026_06.csv,Chipotle,dining
1,2026-06-06,-102.86,USD,WHOLEFDS DENVER #22674,purchase,synthetic_2026_06.csv,Whole Foods,groceries
1,2026-06-07,-95.53,USD,TRADER JOE'S #47280 DENVER CO,purchase,synthetic_2026_06.csv,Trader Joe's,groceries
1,2026-06-08,-95.23,USD,AMAZON.COM*Q58HHSGQL AMZN.COM/BILL,purchase,synthetic_2026_06.csv,Amazon,shopping
1,2026-06-08,-5.48,USD,SQ *BLUE BOTTLE CHICAGO IL,purchase,synthetic_2026_06.csv,Blue Bottle Coffee,coffee
1,2026-06-08,-13.79,USD,PAYPAL *SPOTIFY USA,purchase,synthetic_2026_06.csv,Spotify,subscriptions
1,2026-06-08,-28.02,USD,TRADER JOE'S #75991 AUSTIN TX,purchase,synthetic_2026_06.csv,Trader Joe's,groceries
1,2026-06-08,-40.79,USD,TRADER JOES #97884 QPS PORTLAND,purchase,synthetic_2026_06.csv,Trader Joe's,groceries
1,2026-06-08,-31.6,USD,UBER *TRIP 0608,purchase,synthetic_2026_06.csv,Uber,transport
1,2026-06-08,-101.8,USD,WHOLE FOODS MKT BOSTON MA 0608,purchase,synthetic_2026_06.csv,Whole Foods,groceries
1,2026-06-09,-84.33,USD,AMZN Mktp US*KX3NP3WBE,purchase,synthetic_2026_06.csv,Amazon,shopping
1,2026-06-09,-8.92,USD,SQ *BLUE BOTTLE COFFEE BOSTON,purchase,synthetic_2026_06.csv,Blue Bottle Coffee,coffee
1,2026-06-09,-19.3,USD,TARGET.COM * 0DKV4PP78,purchase,synthetic_2026_06.csv,Target,shopping
1,2026-06-09,-131.6,USD,TARGET T-44604 BOSTON MA,purchase,synthetic_2026_06.csv,Target,shopping
1,2026-06-09,-8.99,USD,UBER *TRIP 0609,purchase,synthetic_2026_06.csv,Uber,transport
1,2026-06-11,2350.0,USD,ACME CORP DIRECT DEP PPD ID:AA6L901Z2,income,synthetic_2026_06.csv,Acme Corp Payroll,income
1,2026-06-11,-48.45,USD,CVS/PHARMACY #05058 PORTLAND,purchase,synthetic_2026_06.csv,CVS Pharmacy,health
1,2026-06-12,-21.67,USD,CHIPOTLE 32153 AUSTIN TX,purchase,synthetic_2026_06.csv,Chipotle,dining
1,2026-06-13,-9.51,USD,SQ *BLUE BOTTLE COFFEE CHICAGO,purchase,synthetic_2026_06.csv,Blue Bottle Coffee,coffee
1,2026-06-13,-13.56,USD,TST* CHIPOTLE - CHICAGO,purchase,synthetic_2026_06.csv,Chipotle,dining
1,2026-06-13,-15.49,USD,NETFLIX *MONTHLY,purchase,synthetic_2026_06.csv,Netflix,subscriptions
1,2026-06-13,-31.94,USD,TARGET.COM * 20WSSFU20,purchase,synthetic_2026_06.csv,Target,shopping
1,2026-06-14,-5.65,USD,SQ *BLUE BOTTLE PORTLAND OR,purchase,synthetic_2026_06.csv,Blue Bottle Coffee,coffee
1,2026-06-16,-18.83,USD,CHIPOTLE 10224 SEATTLE WA,purchase,synthetic_2026_06.csv,Chipotle,dining
1,2026-06-17,-26.96,USD,WHOLE FOODS MKT BOSTON MA 0617,purchase,synthetic_2026_06.csv,Whole Foods,groceries
1,2026-06-19,-34.69,USD,CVS 36427 SEATTLE WA,purchase,synthetic_2026_06.csv,CVS Pharmacy,health
1,2026-06-19,-18.05,USD,CHIPOTLE 28017 SEATTLE WA,purchase,synthetic_2026_06.csv,Chipotle,dining
1,2026-06-19,-22.81,USD,CHIPOTLE 64615 PORTLAND OR,purchase,synthetic_2026_06.csv,Chipotle,dining
1,2026-06-19,-400.0,USD,ONLINE TRANSFER TO SAV R2Z5YBLSF,transfer,synthetic_2026_06.csv,Savings Transfer,transfer
1,2026-06-20,-37.52,USD,AMAZON.COM*G1CG0SK77 AMZN.COM/BILL,purchase,synthetic_2026_06.csv,Amazon,shopping
1,2026-06-20,-6.83,USD,SQ *BLUE BOTTLE COFFEE BOSTON,purchase,synthetic_2026_06.csv,Blue Bottle Coffee,coffee
1,2026-06-20,-13.69,USD,TST* CHIPOTLE - DENVER,purchase,synthetic_2026_06.csv,Chipotle,dining
1,2026-06-20,-64.99,USD,TRADER JOE'S #34718 SEATTLE WA,purchase,synthetic_2026_06.csv,Trader Joe's,groceries
1,2026-06-20,-17.49,USD,UBER *TRIP 0620,purchase,synthetic_2026_06.csv,Uber,transport
1,2026-06-21,-49.79,USD,SHELL OIL 00087970 SEATTLE WA,purchase,synthetic_2026_06.csv,Shell,transport
1,2026-06-21,-99.68,USD,WHOLEFDS BOSTON #53422,purchase,synthetic_2026_06.csv,Whole Foods,groceries
1,2026-06-23,-51.71,USD,TRADER JOE'S #31123 CHICAGO IL,purchase,synthetic_2026_06.csv,Trader Joe's,groceries
1,2026-06-23,-27.86,USD,TRADER JOE'S #52489 CHICAGO IL,purchase,synthetic_2026_06.csv,Trader Joe's,groceries
1,2026-06-24,2350.0,USD,ACME CORP DIRECT DEP PPD ID:HF68KHXN8,income,synthetic_2026_06.csv,Acme Corp Payroll,income
1,2026-06-24,-103.33,USD,AMAZON.COM*1AKSR7A3B AMZN.COM/BILL,purchase,synthetic_2026_06.csv,Amazon,shopping
1,2026-06-24,-176.49,USD,AMZN Mktp US*365RZ796J,purchase,synthetic_2026_06.csv,Amazon,shopping
1,2026-06-24,-9.51,USD,SQ *BLUE BOTTLE AUSTIN TX,purchase,synthetic_2026_06.csv,Blue Bottle Coffee,coffee
1,2026-06-24,-8.9,USD,SQ *BLUE BOTTLE BOSTON MA,purchase,synthetic_2026_06.csv,Blue Bottle Coffee,coffee
1,2026-06-24,-36.81,USD,UBER TRIP HELP.UBER.COM,purchase,synthetic_2026_06.csv,Uber,transport
1,2026-06-25,-2.86,USD,MONTHLY MAINTENANCE FEE,fee,synthetic_2026_06.csv,Bank Fee,fees
1,2026-06-25,-1450.0,USD,GREENLINE APTS RENT 0625,purchase,synthetic_2026_06.csv,Greenline Apartments,rent
1,2026-06-25,-50.39,USD,WHOLE FOODS MKT DENVER CO 0625,purchase,synthetic_2026_06.csv,Whole Foods,groceries
1,2026-06-26,-22.99,USD,ADOBE INC. 408-536-6000 CA,purchase,synthetic_2026_06.csv,Adobe,subscriptions
1,2026-06-26,-79.0,USD,COMCAST CABLE COMM CHICAGO,purchase,synthetic_2026_06.csv,Comcast,utilities
1,2026-06-26,-32.4,USD,UBER *TRIP 0626,purchase,synthetic_2026_06.csv,Uber,transport
1,2026-06-27,-24.99,USD,PLANET FIT #17124 CHICAGO IL,purchase,synthetic_2026_06.csv,Planet Fitness,health
1,2026-06-27,-54.65,USD,SHELL OIL 00063901 AUSTIN TX,purchase,synthetic_2026_06.csv,Shell,transport
1,2026-06-27,-31.3,USD,TRADER JOES #24401 QPS SEATTLE,purchase,synthetic_2026_06.csv,Trader Joe's,groceries
1,2026-06-27,-30.68,USD,UBER TRIP HELP.UBER.COM,purchase,synthetic_2026_06.csv,Uber,transport
1,2026-06-28,-21.47,USD,CHIPOTLE 30867 AUSTIN TX,purchase,synthetic_2026_06.csv,Chipotle,dining
1,2026-06-28,-98.31,USD,TARGET.COM * YFAZ07WP5,purchase,synthetic_2026_06.csv,Target,shopping
1,2026-06-29,-7.26,USD,SQ *BLUE BOTTLE COFFEE DENVER,purchase,synthetic_2026_06.csv,Blue Bottle Coffee,coffee
1,2026-06-30,-15.96,USD,UBER TRIP HELP.UBER.COM,purchase,synthetic_2026_06.csv,Uber,transport
1,2026-07-01,-4.95,USD,SQ *BLUE BOTTLE COFFEE SEATTLE,purchase,synthetic_2026_07.csv,Blue Bottle Coffee,coffee
1,2026-07-01,-24.22,USD,UBER TRIP HELP.UBER.COM,purchase,synthetic_2026_07.csv,Uber,transport
1,2026-07-01,-22.98,USD,UBER *TRIP 0701,purchase,synthetic_2026_07.csv,Uber,transport
1,2026-07-03,-37.15,USD,AMC #52123 CHICAGO IL,purchase,synthetic_2026_07.csv,AMC Theatres,entertainment
1,2026-07-03,-8.44,USD,SQ *BLUE BOTTLE COFFEE AUSTIN,purchase,synthetic_2026_07.csv,Blue Bottle Coffee,coffee
1,2026-07-03,-83.62,USD,TRADER JOES #56539 QPS SEATTLE,purchase,synthetic_2026_07.csv,Trader Joe's,groceries
1,2026-07-04,-18.11,USD,AMC ONLINE JT414WWV6,purchase,synthetic_2026_07.csv,AMC Theatres,entertainment
1,2026-07-04,-5.62,USD,SQ *BLUE BOTTLE SEATTLE WA,purchase,synthetic_2026_07.csv,Blue Bottle Coffee,coffee
1,2026-07-04,-27.09,USD,CVS 64288 AUSTIN TX,purchase,synthetic_2026_07.csv,CVS Pharmacy,health
1,2026-07-04,-70.66,USD,CVS 54782 PORTLAND OR,purchase,synthetic_2026_07.csv,CVS Pharmacy,health
1,2026-07-04,-139.88,USD,TARGET T-78540 PORTLAND OR,purchase,synthetic_2026_07.csv,Target,shopping
1,2026-07-06,-6.54,USD,SQ *BLUE BOTTLE COFFEE CHICAGO,purchase,synthetic_2026_07.csv,Blue Bottle Coffee,coffee
1,2026-07-06,-32.09,USD,TRADER JOE'S #42756 PORTLAND OR,purchase,synthetic_2026_07.csv,Trader Joe's,groceries
1,2026-07-07,26.03,USD,AMZN Mktp US*9AX4HUK4K REFUND,refund,synthetic_2026_07.csv,Amazon,shopping
1,2026-07-07,-13.45,USD,TST* CHIPOTLE - PORTLAND,purchase,synthetic_2026_07.csv,Chipotle,dining
1,2026-07-07,-14.82,USD,TST* CHIPOTLE - BOSTON,purchase,synthetic_2026_07.csv,Chipotle,dining
1,2026-07-07,-38.58,USD,UBER *TRIP 0707,purchase,synthetic_2026_07.csv,Uber,transport
1,2026-07-08,-13.79,USD,SPOTIFY P0002428 NEW YORK NY,purchase,synthetic_2026_07.csv,Spotify,subscriptions
1,2026-07-08,-25.73,USD,UBER TRIP HELP.UBER.COM,purchase,synthetic_2026_07.csv,Uber,transport
1,2026-07-09,2350.0,USD,ACME CORP DIRECT DEP PPD ID:CY9FUM7TF,income,synthetic_2026_07.csv,Acme Corp Payroll,income
1,2026-07-09,-32.13,USD,UBER TRIP HELP.UBER.COM,purchase,synthetic_2026_07.csv,Uber,transport
1,2026-07-09,-40.78,USD,UBER *TRIP 0709,purchase,synthetic_2026_07.csv,Uber,transport
1,2026-07-09,-78.96,USD,WHOLEFDS CHICAGO #02297,purchase,synthetic_2026_07.csv,Whole Foods,groceries
1,2026-07-10,-153.54,USD,AMZN Mktp US*89HVH9R3T,purchase,synthetic_2026_07.csv,Amazon,shopping
1,2026-07-10,-43.11,USD,CVS/PHARMACY #43169 PORTLAND,purchase,synthetic_2026_07.csv,CVS Pharmacy,health
1,2026-07-10,-92.81,USD,WHOLEFDS SEATTLE #49910,purchase,synthetic_2026_07.csv,Whole Foods,groceries
1,2026-07-11,-15.74,USD,AMZN Mktp US*MLNE3RLL4,purchase,synthetic_2026_07.csv,Amazon,shopping
1,2026-07-11,-114.77,USD,AMAZON.COM*JY4TPUT9G AMZN.COM/BILL,purchase,synthetic_2026_07.csv,Amazon,shopping
1,2026-07-11,-134.68,USD,AMAZON.COM*W2ZHS4SEL AMZN.COM/BILL,purchase,synthetic_2026_07.csv,Amazon,shopping
1,2026-07-11,-47.64,USD,AMAZON.COM*35MA9J1QS AMZN.COM/BILL,purchase,synthetic_2026_07.csv,Amazon,shopping
1,2026-07-11,-61.93,USD,TARGET T-42330 AUSTIN TX,purchase,synthetic_2026_07.csv,Target,shopping
1,2026-07-12,-44.0,USD,PELOTON INTERACTIVE NY,purchase,synthetic_2026_07.csv,Peloton,health
1,2026-07-12,-46.86,USD,TRADER JOES #81462 QPS DENVER,purchase,synthetic_2026_07.csv,Trader Joe's,groceries
1,2026-07-13,-15.49,USD,NETFLIX *MONTHLY,purchase,synthetic_2026_07.csv,Netflix,subscriptions
1,2026-07-14,-40.65,USD,AMAZON.COM*N0NPTN0PZ AMZN.COM/BILL,purchase,synthetic_2026_07.csv,Amazon,shopping
1,2026-07-14,-90.74,USD,TRADER JOES #16124 QPS AUSTIN,purchase,synthetic_2026_07.csv,Trader Joe's,groceries
1,2026-07-14,-85.96,USD,WHOLE FOODS MKT DENVER CO 0714,purchase,synthetic_2026_07.csv,Whole Foods,groceries
1,2026-07-14,-34.07,USD,WHOLEFDS CHICAGO #62195,purchase,synthetic_2026_07.csv,Whole Foods,groceries
1,2026-07-15,-168.89,USD,MARRIOTT SEATTLE WA,purchase,synthetic_2026_07.csv,Marriott,travel
1,2026-07-16,-9.2,USD,SQ *BLUE BOTTLE COFFEE CHICAGO,purchase,synthetic_2026_07.csv,Blue Bottle Coffee,coffee
1,2026-07-17,-50.88,USD,SHELL SERVICE STATION #55487,purchase,synthetic_2026_07.csv,Shell,transport
1,2026-07-17,-97.04,USD,WHOLE FOODS MKT SEATTLE WA 0717,purchase,synthetic_2026_07.csv,Whole Foods,groceries
1,2026-07-19,-20.63,USD,TST* CHIPOTLE - CHICAGO,purchase,synthetic_2026_07.csv,Chipotle,dining
1,2026-07-19,-36.88,USD,UBER *TRIP 0719,purchase,synthetic_2026_07.csv,Uber,transport
1,2026-07-20,-36.24,USD,AMC ONLINE JHD3L8EWC,purchase,synthetic_2026_07.csv,AMC Theatres,entertainment
1,2026-07-20,-400.0,USD,ONLINE TRANSFER TO SAV 8LB7Q2BRM,transfer,synthetic_2026_07.csv,Savings Transfer,transfer
1,2026-07-20,-32.09,USD,UBER *TRIP 0720,purchase,synthetic_2026_07.csv,Uber,transport
1,2026-07-20,-40.11,USD,UBER *TRIP 0720,purchase,synthetic_2026_07.csv,Uber,transport
1,2026-07-21,-108.68,USD,AMAZON.COM*DC44VM8N0 AMZN.COM/BILL,purchase,synthetic_2026_07.csv,Amazon,shopping
1,2026-07-21,-11.64,USD,TST* CHIPOTLE - DENVER,purchase,synthetic_2026_07.csv,Chipotle,dining
1,2026-07-22,-35.35,USD,CVS/PHARMACY #45354 AUSTIN,purchase,synthetic_2026_07.csv,CVS Pharmacy,health
1,2026-07-22,-11.39,USD,TST* CHIPOTLE - PORTLAND,purchase,synthetic_2026_07.csv,Chipotle,dining
1,2026-07-22,-43.94,USD,TARGET T-69522 DENVER CO,purchase,synthetic_2026_07.csv,Target,shopping
1,2026-07-23,2350.0,USD,ACME CORP DIRECT DEP PPD ID:2FD42M175,income,synthetic_2026_07.csv,Acme Corp Payroll,income
1,2026-07-23,-143.38,USD,AMZN Mktp US*XKLXFGKG6,purchase,synthetic_2026_07.csv,Amazon,shopping
1,2026-07-25,-22.99,USD,ADOBE *CREATIVE CLD,purchase,synthetic_2026_07.csv,Adobe,subscriptions
1,2026-07-25,-79.0,USD,COMCAST *XFINITY 0725,purchase,synthetic_2026_07.csv,Comcast,utilities
1,2026-07-25,-1450.0,USD,GREENLINE APTS RENT 0725,purchase,synthetic_2026_07.csv,Greenline Apartments,rent
1,2026-07-26,-15.23,USD,TST* CHIPOTLE - CHICAGO,purchase,synthetic_2026_07.csv,Chipotle,dining
1,2026-07-26,-24.99,USD,PLANET FIT #86390 PORTLAND OR,purchase,synthetic_2026_07.csv,Planet Fitness,health
1,2026-07-27,-7.27,USD,SQ *BLUE BOTTLE COFFEE BOSTON,purchase,synthetic_2026_07.csv,Blue Bottle Coffee,coffee
1,2026-07-27,-6.93,USD,SQ *BLUE BOTTLE COFFEE BOSTON,purchase,synthetic_2026_07.csv,Blue Bottle Coffee,coffee
1,2026-07-27,-94.02,USD,TRADER JOES #75324 QPS SEATTLE,purchase,synthetic_2026_07.csv,Trader Joe's,groceries
1,2026-07-28,-14.83,USD,TST* CHIPOTLE - PORTLAND,purchase,synthetic_2026_07.csv,Chipotle,dining
1,2026-07-28,-17.01,USD,CHIPOTLE 65028 PORTLAND OR,purchase,synthetic_2026_07.csv,Chipotle,dining
1,2026-07-28,-49.76,USD,SHELL OIL 00014635 DENVER CO,purchase,synthetic_2026_07.csv,Shell,transport
1,2026-07-28,-43.78,USD,TRADER JOES #94982 QPS AUSTIN,purchase,synthetic_2026_07.csv,Trader Joe's,groceries
1,2026-07-29,-9.01,USD,SQ *BLUE BOTTLE COFFEE AUSTIN,purchase,synthetic_2026_07.csv,Blue Bottle Coffee,coffee
1,2026-07-30,-18.51,USD,CHIPOTLE 79378 PORTLAND OR,purchase,synthetic_2026_07.csv,Chipotle,dining
1,2026-07-30,-22.26,USD,TRADER JOE'S #77811 PORTLAND OR,purchase,synthetic_2026_07.csv,Trader Joe's,groceries
1,2026-07-31,-31.46,USD,TARGET.COM * B9MCXGLEA,purchase,synthetic_2026_07.csv,Target,shopping
